filename,width,height,class,xmin,ymin,xmax,ymax
aug_WIN_20260527_19_06_38_Pro_jpg.rf.d5gUOxlqt3q3id4xRIt0.jpg,1920,1080,CocaCola,668,184,859,706
WIN_20260527_18_53_10_Pro_jpg.rf.v8fR9FDDAT60rJghu67J.jpg,1920,1080,CocaCola,329,169,611,919
aug_WIN_20260527_19_05_06_Pro_jpg.rf.d7RQRxuGHYc1x1V1beNX.jpg,1920,1080,CocaCola,888,174,1112,774
WIN_20260527_18_53_15_Pro_jpg.rf.y1SkYmsa3ro9AgEX0TnT.jpg,1920,1080,CocaCola,695,129,1036,1079
WIN_20260527_18_51_57_Pro_jpg.rf.z6sECZYzy6aSDFmJm07e.jpg,1920,1080,CocaCola,1011,586,1304,958
aug_WIN_20260527_19_05_13_Pro_jpg.rf.eEXxPEJ4PPP0vkpKZBLk.jpg,1920,1080,CocaCola,1225,172,1471,803
WIN_20260527_18_51_14_Pro_jpg.rf.yupQ6a1XVLvSD95rNC2P.jpg,1920,1080,CocaCola,427,212,649,796
aug_WIN_20260527_19_06_31_Pro_jpg.rf.eqhbMYdpV2UPGgaHbTTv.jpg,1920,1080,CocaCola,1017,161,1260,812
aug_WIN_20260527_19_06_09_Pro_jpg.rf.cayo2N7B1TrC2ethrZAZ.jpg,1920,1080,CocaCola,722,177,926,743
WIN_20260527_18_46_52_Pro_jpg.rf.3cKHKdlbN2D7giuy2C3v.jpg,1920,1080,CocaCola,1021,203,1273,866
WIN_20260527_18_46_17_Pro_jpg.rf.28MFhVDDX7FJLoQ4rJsA.jpg,1920,1080,CocaCola,486,668,1252,987
WIN_20260527_18_38_01_Pro_jpg.rf.As1fhawlaIzXYnJvx54n.jpg,1920,1080,CocaCola,1601,177,1904,882
aug_WIN_20260527_19_07_52_Pro_jpg.rf.fZMdxFSM824wO7Nu6hyA.jpg,1920,1080,CocaCola,1273,145,1556,874
WIN_20260527_18_45_55_Pro_jpg.rf.9E3BSKUOC1Wf7XMB72Oh.jpg,1920,1080,CocaCola,868,193,1163,973
aug_WIN_20260527_19_07_23_Pro_jpg.rf.dTtQt1liO8mPQLxQv0CT.jpg,1920,1080,CocaCola,788,161,1015,796
WIN_20260527_18_41_59_Pro_jpg.rf.k5mWBaISqAVyxfMbMPML.jpg,1920,1080,CocaCola,0,219,194,909
aug_WIN_20260527_19_07_04_Pro_jpg.rf.frsWPuQtzxHh57zkKK2S.jpg,1920,1080,CocaCola,1197,166,1443,803
aug_WIN_20260527_19_05_19_Pro_jpg.rf.frc6zgOKoDvMZWOHTfHl.jpg,1920,1080,CocaCola,782,320,980,686
WIN_20260527_18_45_57_Pro_jpg.rf.lN7vOigHfQlicjMFxftM.jpg,1920,1080,CocaCola,884,194,1170,960
WIN_20260527_18_46_08_Pro_jpg.rf.5hreYnIehlHHEQ0lnvrA.jpg,1920,1080,CocaCola,908,193,1189,957
WIN_20260527_18_36_40_Pro (2)_jpg.rf.GjvGylZyjKVOaSl8ufd7.jpg,1920,1080,CocaCola,873,192,1115,837
WIN_20260527_18_46_31_Pro_jpg.rf.o6MV5TjCz5DNGUfHuvOl.jpg,1920,1080,CocaCola,915,210,1160,814
WIN_20260527_18_36_40_Pro_jpg.rf.FDfzMxTjaDhxLvjlP2HD.jpg,1920,1080,CocaCola,873,192,1115,838
WIN_20260527_18_45_42_Pro_jpg.rf.AYWiUAFuKS1qg6d5YMnn.jpg,1920,1080,CocaCola,864,191,1156,976
WIN_20260527_18_37_30_Pro_jpg.rf.PIqW0qlik54FOXUmPaCo.jpg,1920,1080,CocaCola,438,199,722,920
aug_WIN_20260527_19_06_50_Pro_jpg.rf.hOWWot5jCSbmFODL4HaG.jpg,1920,1080,CocaCola,1203,161,1460,825
WIN_20260527_18_41_22_Pro_jpg.rf.txmBNHxhyxuUtychGdjt.jpg,1920,1080,CocaCola,887,180,1139,874
WIN_20260527_18_45_29_Pro_jpg.rf.MvxOZUULJLAR9pi6QZsk.jpg,1920,1080,CocaCola,836,190,1133,983
aug_WIN_20260527_19_03_42_Pro_jpg.rf.g11qb26usjE4Ou3UXidX.jpg,1920,1080,CocaCola,957,175,1191,797
WIN_20260527_18_37_04_Pro_jpg.rf.Rs0umEakBB4ggd95O34n.jpg,1920,1080,CocaCola,398,199,699,940
WIN_20260527_18_45_51_Pro_jpg.rf.wmUUnOCuEwjvLcj96R3l.jpg,1920,1080,CocaCola,852,199,1140,964
WIN_20260527_18_41_29_Pro_jpg.rf.NXb3tTRYiEYScfDBqRdt.jpg,1920,1080,CocaCola,0,219,193,911
WIN_20260527_18_37_40_Pro_jpg.rf.ZW5U2iltAClV0ZhU6B1p.jpg,1920,1080,CocaCola,415,196,715,949
WIN_20260527_18_46_06_Pro_jpg.rf.CYVAo2L8VdHox3sua9rZ.jpg,1920,1080,CocaCola,910,193,1193,955
WIN_20260527_18_38_14_Pro_jpg.rf.GIj5RFy1VyKqt5QOGCC8.jpg,1920,1080,CocaCola,1604,181,1900,870
WIN_20260527_18_36_54_Pro_jpg.rf.gX5f3MzZO0alR0qSetnX.jpg,1920,1080,CocaCola,321,195,625,954
WIN_20260527_18_45_59_Pro_jpg.rf.yFMrD6oUg33f0FLPdL5h.jpg,1920,1080,CocaCola,899,193,1186,957
WIN_20260527_18_37_34_Pro_jpg.rf.PYTMsWX51LfAWMge4gI2.jpg,1920,1080,CocaCola,425,201,712,925
WIN_20260527_18_46_12_Pro_jpg.rf.uREZap2I7g4EZzXMinRH.jpg,1920,1080,CocaCola,588,647,1302,913
WIN_20260527_18_37_00_Pro_jpg.rf.i5PQfRcKgZxhRxyt96PU.jpg,1920,1080,CocaCola,405,197,706,959
WIN_20260527_18_46_45_Pro_jpg.rf.NvAX9USYuu3paRCnCSB3.jpg,1920,1080,CocaCola,958,206,1218,884
WIN_20260527_18_46_15_Pro (2)_jpg.rf.znzCgcm0v1rorAa3CHcg.jpg,1920,1080,CocaCola,542,652,1269,935
WIN_20260527_18_36_43_Pro_jpg.rf.flc4b3SVRfA1WYYyGoN8.jpg,1920,1080,CocaCola,843,184,1107,865
WIN_20260527_18_46_03_Pro_jpg.rf.oeQo9hodKfpNbwbBETyF.jpg,1920,1080,CocaCola,903,192,1190,962
aug_WIN_20260527_19_03_36_Pro_jpg.rf.iEVfs2OrfkSCH7PaNgD0.jpg,1920,1080,CocaCola,880,172,1110,796
aug_WIN_20260527_19_02_53_Pro_jpg.rf.cFH5dIIDZ1p23IFYsu4Y.jpg,1920,1080,CocaCola,764,191,970,762
aug_WIN_20260527_18_49_49_Pro_jpg.rf.cKsrKYBl7LOD9XvP5xe2.jpg,1920,1080,CocaCola,48,619,749,898
aug_WIN_20260527_19_05_55_Pro_jpg.rf.jltBMKxJx3FY1eKSiJ6V.jpg,1920,1080,CocaCola,679,176,885,748
aug_WIN_20260527_19_04_50_Pro_jpg.rf.i3ejWRMYs8vpM96YeB5C.jpg,1920,1080,CocaCola,771,170,1001,801
aug_WIN_20260527_18_49_33_Pro_jpg.rf.cGZRzIcXwxk9SL6OcaUH.jpg,1920,1080,CocaCola,963,215,1204,892
WIN_20260527_18_36_49_Pro_jpg.rf.1liTeeKQdZ76fwhkDzA7.jpg,1920,1080,CocaCola,324,197,623,950
WIN_20260527_18_45_40_Pro_jpg.rf.Ol6F6HYOAjme1a6iAUR4.jpg,1920,1080,CocaCola,865,190,1158,977
WIN_20260527_18_36_47_Pro_jpg.rf.2a6zJjbz9sc4HpRxv2T9.jpg,1920,1080,CocaCola,851,185,1103,863
WIN_20260527_18_46_41_Pro_jpg.rf.PJbPK18TBDOd4f4Rg66T.jpg,1920,1080,CocaCola,958,206,1208,738
WIN_20260527_18_37_38_Pro_jpg.rf.iJVRIjG6CAmQ4ae3PmY0.jpg,1920,1080,CocaCola,404,193,705,953
WIN_20260527_18_37_42_Pro_jpg.rf.k7twGezgKVhSZzKuwcNY.jpg,1920,1080,CocaCola,426,197,726,942
WIN_20260527_18_37_16_Pro_jpg.rf.otdI4RFElSCr8Mh62NiB.jpg,1920,1080,CocaCola,405,199,702,933
aug_WIN_20260527_18_52_38_Pro_jpg.rf.cNyC2BibOHdpfHIhbJti.jpg,1920,1080,CocaCola,850,586,1383,884
WIN_20260527_18_37_58_Pro_jpg.rf.pcPKVXmC0JSNH1sRhhMU.jpg,1920,1080,CocaCola,1588,181,1891,890
WIN_20260527_18_45_32_Pro_jpg.rf.SBkWfWULs1yw4qfOUPZf.jpg,1920,1080,CocaCola,855,189,1154,992
WIN_20260527_18_37_44_Pro_jpg.rf.0kytN2TLht7g94LxXCxj.jpg,1920,1080,CocaCola,418,198,717,944
WIN_20260527_18_45_27_Pro_jpg.rf.SG6Ws7GGi2N6snzE3cUb.jpg,1920,1080,CocaCola,822,193,1109,975
WIN_20260527_18_45_53_Pro_jpg.rf.Xog07LWaowwK4z9Sw897.jpg,1920,1080,CocaCola,860,194,1151,973
WIN_20260527_18_37_32_Pro_jpg.rf.uIrxdKDM1MGccdODYSs1.jpg,1920,1080,CocaCola,430,199,715,933
WIN_20260527_18_46_10_Pro_jpg.rf.X40s79R9ftGAmK22imEr.jpg,1920,1080,CocaCola,910,193,1192,957
WIN_20260527_18_36_32_Pro_jpg.rf.qLRUouSX9TEhd6IqXBfD.jpg,1920,1080,CocaCola,874,192,1114,837
WIN_20260527_18_37_09_Pro_jpg.rf.zEl44nHfhIaQX3tCPnzk.jpg,1920,1080,CocaCola,396,252,692,939
aug_WIN_20260527_18_48_48_Pro_jpg.rf.cwrNE52L4e6APMjypeu4.jpg,1920,1080,CocaCola,702,643,1237,980
WIN_20260527_18_38_04_Pro_jpg.rf.zU6lwcYvuwBYv7KTnSzM.jpg,1920,1080,CocaCola,1590,181,1889,876
aug_WIN_20260527_18_50_46_Pro_jpg.rf.dA9LifTcHJTyyp4PRBWT.jpg,1920,1080,CocaCola,712,201,949,869
WIN_20260527_18_56_45_Pro_jpg.rf.3kfkRsahnHyJBfAJDhLT.jpg,1920,1080,CocaCola,824,201,1036,790
aug_WIN_20260527_19_02_50_Pro_jpg.rf.cSIPYitk9YDun0tjs8LL.jpg,1920,1080,CocaCola,1014,171,1263,814
aug_WIN_20260527_18_56_54_Pro_jpg.rf.cvBaU35MkXnp6qIjCVdc.jpg,1920,1080,CocaCola,1132,609,1874,884
WIN_20260527_18_56_58_Pro_jpg.rf.85ujsafygwwe54yKyRVE.jpg,1920,1080,CocaCola,216,539,807,770
aug_WIN_20260527_19_02_59_Pro_jpg.rf.eyAS999TQ39gtNLU6nez.jpg,1920,1080,CocaCola,1004,174,1253,843
WIN_20260527_18_55_51_Pro_jpg.rf.AXJTSpmq63IsETQuMaMt.jpg,1920,1080,CocaCola,845,620,1154,1025
aug_WIN_20260527_18_58_09_Pro_jpg.rf.ewUBbpP7tVsxKUZHJZPw.jpg,1920,1080,CocaCola,1063,190,1307,856
WIN_20260527_18_55_58_Pro_jpg.rf.EepOEXxmicP6VFfoYoaU.jpg,1920,1080,CocaCola,1405,152,1744,1000
aug_WIN_20260527_18_51_52_Pro_jpg.rf.dZhk1zfFLUToyVzRN3NC.jpg,1920,1080,CocaCola,944,634,1664,917
WIN_20260527_18_37_01_Pro_jpg.rf.36O6l1msmQ7uqnJWLOIu.jpg,1920,1080,CocaCola,402,197,704,954
WIN_20260527_18_57_23_Pro_jpg.rf.I3CtH99VvUF7oQhhyo46.jpg,1920,1080,CocaCola,594,205,798,751
aug_WIN_20260527_19_03_03_Pro_jpg.rf.decOx4RMdEfGvM6J80Dn.jpg,1920,1080,CocaCola,889,188,1112,786
aug_WIN_20260527_18_49_42_Pro_jpg.rf.dYyqageA0aE7Ja3gZgMq.jpg,1920,1080,CocaCola,981,631,1280,1036
WIN_20260527_18_56_06_Pro_jpg.rf.HoBGoqrehpsNbIrp17Ef.jpg,1920,1080,CocaCola,579,182,815,837
WIN_20260527_18_56_54_Pro_jpg.rf.IxPKiZYgAkRsFDJSQ1da.jpg,1920,1080,CocaCola,1133,609,1874,883
aug_WIN_20260527_19_02_11_Pro_jpg.rf.feYGsLZGZZBO18LnLTyE.jpg,1920,1080,CocaCola,791,181,1016,810
WIN_20260527_18_55_39_Pro_jpg.rf.Ks8mxzuatDFKclUGCsKR.jpg,1920,1080,CocaCola,854,621,1571,915
aug_WIN_20260527_19_01_52_Pro_jpg.rf.f2G6awS1bFGZEnDL3bTx.jpg,1920,1080,CocaCola,817,183,1045,810
aug_WIN_20260527_18_59_15_Pro_jpg.rf.fkP1WhZ5bu2StqTPJ7np.jpg,1920,1080,CocaCola,1414,184,1718,848
WIN_20260527_18_36_59_Pro_jpg.rf.0tKxv8Ni1fwkokg8RezN.jpg,1920,1080,CocaCola,401,199,699,943
WIN_20260527_18_45_19_Pro_jpg.rf.b8SbmhmxuyI1YhJq5aSY.jpg,1920,1080,CocaCola,821,194,1107,967
WIN_20260527_18_37_08_Pro_jpg.rf.2fuyIpx6N0kAqa2DSdk1.jpg,1920,1080,CocaCola,401,199,693,940
aug_WIN_20260527_18_54_46_Pro_jpg.rf.cnfcKpiBObcMcxNW55C2.jpg,1920,1080,CocaCola,1415,164,1728,944
WIN_20260527_18_37_36_Pro_jpg.rf.2aSabUbtiuLY4Euq0e18.jpg,1920,1080,CocaCola,431,200,718,931
aug_WIN_20260527_18_55_28_Pro_jpg.rf.cwRtfl4PweuenvXCIbKm.jpg,1920,1080,CocaCola,1277,139,1641,1058
WIN_20260527_18_56_36_Pro_jpg.rf.Orqbuzp9TsMFMnOrujry.jpg,1920,1080,CocaCola,1519,151,1870,988
WIN_20260527_18_57_10_Pro_jpg.rf.Nkb1TAG2xd8mAPSJZ05N.jpg,1920,1080,CocaCola,803,193,1032,815
aug_WIN_20260527_18_48_52_Pro_jpg.rf.g2prDYuVEKzXz3ENQqfx.jpg,1920,1080,CocaCola,645,631,1184,1016
WIN_20260527_18_56_51_Pro_jpg.rf.Pu1olhLkFzTxOcrygA53.jpg,1920,1080,CocaCola,1050,585,1374,952
aug_WIN_20260527_19_02_55_Pro_jpg.rf.gLlwMvXtNHiKObpBMtGi.jpg,1920,1080,CocaCola,1006,175,1253,843
WIN_20260527_18_56_41_Pro_jpg.rf.T4z6gvYORbArv9uyEjwQ.jpg,1920,1080,CocaCola,1133,185,1392,871
aug_WIN_20260527_18_54_26_Pro_jpg.rf.foVSih8gevmgbMKJYk0v.jpg,1920,1080,CocaCola,782,185,1021,851
WIN_20260527_18_57_13_Pro_jpg.rf.Lit1vxVQAI8OzIXHSYmw.jpg,1920,1080,CocaCola,1293,185,1562,876
aug_WIN_20260527_18_59_44_Pro_jpg.rf.fkugoUiijbj5mshrGOVA.jpg,1920,1080,CocaCola,934,179,1189,866
WIN_20260527_18_56_02_Pro_jpg.rf.RnrgJ4JTpadxeE5sxPq1.jpg,1920,1080,CocaCola,833,184,1077,855
WIN_20260527_18_56_23_Pro_jpg.rf.WK6QLQ1lOdM9OVaV8523.jpg,1920,1080,CocaCola,806,191,1035,827
aug_WIN_20260527_18_47_06_Pro_jpg.rf.hA2nrqZ8zlxaH3oGofGG.jpg,1920,1080,CocaCola,1022,748,1119,849
aug_WIN_20260527_18_47_06_Pro_jpg.rf.hA2nrqZ8zlxaH3oGofGG.jpg,1920,1080,CocaCola,1007,211,1241,713
WIN_20260527_18_38_11_Pro_jpg.rf.8pFCTsRxAWPIbH6wO44c.jpg,1920,1080,CocaCola,1579,181,1870,866
aug_WIN_20260527_18_47_14_Pro_jpg.rf.gaDpwvGtAksN461s2E5H.jpg,1920,1080,CocaCola,1056,214,1299,856
WIN_20260527_18_37_27_Pro_jpg.rf.Al4smGMK87cUHeb4yswq.jpg,1920,1080,CocaCola,426,201,712,926
aug_WIN_20260527_18_59_04_Pro_jpg.rf.gSA2fbkxQlJRNBMtO5w7.jpg,1920,1080,CocaCola,1373,148,1702,994
WIN_20260527_18_36_58_Pro_jpg.rf.3ZfBIJnQ07pLYhgw3IJx.jpg,1920,1080,CocaCola,364,198,661,940
WIN_20260527_18_45_49_Pro_jpg.rf.aZ6qlwuRTl77btXExxGk.jpg,1920,1080,CocaCola,854,196,1142,964
WIN_20260527_18_36_37_Pro_jpg.rf.99fDzeJBDlDANZYrcI4X.jpg,1920,1080,CocaCola,874,192,1114,838
WIN_20260527_18_45_24_Pro_jpg.rf.c834eim6Zi1NGrcAyzev.jpg,1920,1080,CocaCola,831,193,1114,974
WIN_20260527_18_57_30_Pro_jpg.rf.WS3Ip1sdCBDkpOgEoB84.jpg,1920,1080,CocaCola,666,204,873,766
WIN_20260527_18_56_19_Pro_jpg.rf.Z2qS3raZs7JJQxQ1znlZ.jpg,1920,1080,CocaCola,691,552,1008,856
aug_WIN_20260527_18_59_29_Pro_jpg.rf.hXAmRjlj3Rs53SNlOft0.jpg,1920,1080,CocaCola,972,192,1207,826
WIN_20260527_18_57_01_Pro_jpg.rf.LA6vMlEtbXDZlzFr2u1E.jpg,1920,1080,CocaCola,1293,589,1577,970
WIN_20260527_18_57_48_Pro_jpg.rf.RhcgfWgbO3aKP620zaUh.jpg,1920,1080,CocaCola,529,200,748,782
aug_WIN_20260527_18_49_23_Pro_jpg.rf.jDNHdOaKYq2pL0JyaCz2.jpg,1920,1080,CocaCola,1512,194,1830,916
WIN_20260527_18_56_11_Pro_jpg.rf.TXU7SmgjHVRSiNRbHFn4.jpg,1920,1080,CocaCola,1037,165,1320,938
aug_WIN_20260527_18_48_57_Pro_jpg.rf.hzVYJnD4IEYtWX0d1ZqF.jpg,1920,1080,CocaCola,648,631,1170,1021
WIN_20260527_18_55_55_Pro_jpg.rf.VNeKLZ6ySMZocyZeiVDt.jpg,1920,1080,CocaCola,678,612,1023,1007
WIN_20260527_18_40_48_Pro_jpg.rf.2tt9dNBd9Ls9jFO27c8V.jpg,1920,1080,CocaCola,1654,179,1919,876
WIN_20260527_18_56_59_Pro_jpg.rf.ed9Y11o66L0vzSRci7nT.jpg,1920,1080,CocaCola,627,554,975,846
WIN_20260527_18_56_48_Pro_jpg.rf.dupLj6JWQfKvjYQIB6Ih.jpg,1920,1080,CocaCola,1231,176,1507,903
WIN_20260527_18_57_18_Pro_jpg.rf.hDVdT9aogL5JuUqCGcVr.jpg,1920,1080,CocaCola,766,191,998,820
aug_WIN_20260527_18_56_45_Pro_jpg.rf.jiiaxVCLXjsjNGvruLT0.jpg,1920,1080,CocaCola,824,201,1036,790
WIN_20260527_18_39_36_Pro_jpg.rf.4viQmMB4hG5gBpMfdik3.jpg,1920,1080,CocaCola,1687,186,1919,861
WIN_20260527_18_40_43_Pro_jpg.rf.6SsebRlT6SrgGeS9ll6I.jpg,1920,1080,CocaCola,1652,184,1919,872
WIN_20260527_18_55_28_Pro_jpg.rf.dmHAO9DvCpnn86eGx3uq.jpg,1920,1080,CocaCola,1277,139,1641,1058
WIN_20260527_18_38_17_Pro_jpg.rf.86JyhfYKgsWD2cvKrGXg.jpg,1920,1080,CocaCola,1582,182,1872,862
WIN_20260527_19_00_56_Pro_jpg.rf.RRwbkm5xnt5lXhmyMLCO.jpg,1920,1080,CocaCola,1317,138,1662,1011
WIN_20260527_18_39_42_Pro_jpg.rf.ULeyEyqpEIr1Iwnk7POb.jpg,1920,1080,CocaCola,1702,180,1919,869
WIN_20260527_19_01_06_Pro_jpg.rf.RtT4FcuD9AwSItbXoVJ5.jpg,1920,1080,CocaCola,1055,176,1308,855
WIN_20260527_18_41_12_Pro_jpg.rf.XitydpeEhSBKvlMN9Bdi.jpg,1920,1080,CocaCola,909,180,1158,879
WIN_20260527_18_55_44_Pro_jpg.rf.m65ogyldoAYvN5k6gOEB.jpg,1920,1080,CocaCola,789,589,1335,963
WIN_20260527_18_46_15_Pro_jpg.rf.fmIc4fyQuMQZhei49vdB.jpg,1920,1080,CocaCola,553,651,1267,949
WIN_20260527_18_56_15_Pro_jpg.rf.uP0591NJgteaDuHA5lWt.jpg,1920,1080,CocaCola,971,571,1330,892
WIN_20260527_18_41_19_Pro_jpg.rf.iujATQisqoR6azHThvad.jpg,1920,1080,CocaCola,918,181,1170,877
WIN_20260527_18_56_27_Pro_jpg.rf.pzXiJxGwixENyW1hE19u.jpg,1920,1080,CocaCola,1519,150,1871,988
WIN_20260527_18_45_45_Pro_jpg.rf.k41iJzDcfoNd0Hl95x2a.jpg,1920,1080,CocaCola,864,191,1156,977
aug_WIN_20260527_18_47_46_Pro_jpg.rf.hrhNJ29yDWuMG3j46xr5.jpg,1920,1080,CocaCola,189,219,471,916
WIN_20260527_18_40_51_Pro_jpg.rf.5t9XSSBD8BMetkGIbjA7.jpg,1920,1080,CocaCola,1663,178,1919,877
WIN_20260527_18_57_03_Pro_jpg.rf.zsKY4jFKjCa9PveB16hT.jpg,1920,1080,CocaCola,97,527,536,787
WIN_20260527_19_00_41_Pro_jpg.rf.4GrRs11nzpFAfHSXC2kz.jpg,1920,1080,CocaCola,1372,149,1690,966
WIN_20260527_18_41_08_Pro_jpg.rf.EaEFrRP9BxikD0c5kZT2.jpg,1920,1080,CocaCola,933,623,1657,892
WIN_20260527_19_01_40_Pro_jpg.rf.8COTT4BlN8Vi35xf1p6T.jpg,1920,1080,CocaCola,909,179,1152,836
WIN_20260527_18_38_23_Pro_jpg.rf.8wRmJX4fvGtyzAxWvZYg.jpg,1920,1080,CocaCola,1620,190,1909,860
WIN_20260527_19_00_05_Pro_jpg.rf.BNLSVdftXHEgTwdE5YZK.jpg,1920,1080,CocaCola,1085,147,1403,986
WIN_20260527_18_40_54_Pro_jpg.rf.CCnM7erIqtZDlR2pj4cJ.jpg,1920,1080,CocaCola,1055,182,1314,870
WIN_20260527_18_57_06_Pro_jpg.rf.sLY6cfwzerPazQKKGDyq.jpg,1920,1080,CocaCola,803,193,1031,816
WIN_20260527_18_39_40_Pro_jpg.rf.HLuyetzkEWCACgX4937U.jpg,1920,1080,CocaCola,1696,184,1919,864
WIN_20260527_19_01_32_Pro_jpg.rf.M4nmAEYNK3hkb1jikPzT.jpg,1920,1080,CocaCola,599,147,876,914
WIN_20260527_18_39_43_Pro_jpg.rf.Iiz0QaNWMJSFENmdxEyT.jpg,1920,1080,CocaCola,1712,180,1919,875
WIN_20260527_19_01_44_Pro_jpg.rf.0K6evNIe6bEZJmKcEpgZ.jpg,1920,1080,CocaCola,909,178,1152,836
WIN_20260527_18_40_19_Pro_jpg.rf.9ba2sWHvMtLR6eH3izRe.jpg,1920,1080,CocaCola,1652,186,1919,874
WIN_20260527_19_00_38_Pro_jpg.rf.hXcKiWKOrYhFJppKNRqs.jpg,1920,1080,CocaCola,1052,181,1299,837
WIN_20260527_18_40_59_Pro_jpg.rf.PLIqXF1Opf4H4OzlvCGW.jpg,1920,1080,CocaCola,936,619,1651,889
WIN_20260527_18_59_53_Pro_jpg.rf.ULhMgFCLhV5lXoUTeT0b.jpg,1920,1080,CocaCola,1414,183,1682,846
WIN_20260527_18_38_08_Pro_jpg.rf.JVst4t2U4QO6TIghn9Fr.jpg,1920,1080,CocaCola,1589,182,1887,874
WIN_20260527_19_01_09_Pro_jpg.rf.YRrbqbGD8FObjFMxdPVW.jpg,1920,1080,CocaCola,1055,176,1309,854
WIN_20260527_18_40_40_Pro_jpg.rf.9bc064BAzR5TbrgQxqbX.jpg,1920,1080,CocaCola,1625,185,1919,857
WIN_20260527_19_00_58_Pro_jpg.rf.bAH8cJtzjc7MWFiTMs2v.jpg,1920,1080,CocaCola,1317,137,1663,1011
WIN_20260527_18_40_35_Pro_jpg.rf.kTP5lsooCunZJzfIZU4Y.jpg,1920,1080,CocaCola,1637,183,1919,858
WIN_20260527_18_39_38_Pro_jpg.rf.mkRMWXkLpjoiffjtno1K.jpg,1920,1080,CocaCola,1692,185,1919,864
WIN_20260527_19_00_10_Pro_jpg.rf.aWUBYPTAJgO0V7ahomQa.jpg,1920,1080,CocaCola,1431,145,1768,973
WIN_20260527_18_41_06_Pro_jpg.rf.YJ6jpd2zqxM6m9KvcpQz.jpg,1920,1080,CocaCola,933,623,1655,895
WIN_20260527_19_01_02_Pro_jpg.rf.ayFR0iRpmOgR8XqJI8O9.jpg,1920,1080,CocaCola,832,194,1066,825
WIN_20260527_18_39_45_Pro_jpg.rf.OiVWyjv1XoM44Ooi9iba.jpg,1920,1080,CocaCola,1722,180,1919,875
WIN_20260527_19_00_00_Pro_jpg.rf.bEnzvrRlqUHYiJYydO8M.jpg,1920,1080,CocaCola,314,125,631,961
WIN_20260527_18_39_47_Pro_jpg.rf.ZrYiATlmMZ19fJ5UtkNi.jpg,1920,1080,CocaCola,1734,181,1919,876
WIN_20260527_19_00_33_Pro_jpg.rf.er3BNkgGQpwb9hnua3sf.jpg,1920,1080,CocaCola,1052,180,1299,837
WIN_20260527_18_39_46_Pro_jpg.rf.co9RCoUmujaHrtpUDgeT.jpg,1920,1080,CocaCola,1723,182,1919,884
WIN_20260527_18_59_48_Pro_jpg.rf.eIuSmISRNaXdHH4aBNWy.jpg,1920,1080,CocaCola,996,162,1279,932
WIN_20260527_18_40_28_Pro_jpg.rf.a5gy46KZM5dbQPfLtlDM.jpg,1920,1080,CocaCola,1652,179,1919,875
WIN_20260527_19_01_12_Pro_jpg.rf.gUfcUNYvuxI3IkuZ21EM.jpg,1920,1080,CocaCola,756,188,976,788
WIN_20260527_18_38_20_Pro_jpg.rf.ZYXP3IqF2LSjTIhDB8DI.jpg,1920,1080,CocaCola,1589,187,1878,866
WIN_20260527_19_00_13_Pro_jpg.rf.gQ9vMk327QrwUR9VaoFa.jpg,1920,1080,CocaCola,1429,147,1767,977
WIN_20260527_19_00_50_Pro_jpg.rf.bfjmFhFpmeLiJDIQC9dV.jpg,1920,1080,CocaCola,944,185,1182,820
WIN_20260527_18_41_16_Pro_jpg.rf.e6oTcargCdc8jwJXEgHK.jpg,1920,1080,CocaCola,912,180,1168,883
WIN_20260527_18_40_31_Pro_jpg.rf.ery8ky0uyx2obskDTOIt.jpg,1920,1080,CocaCola,1605,183,1897,868
WIN_20260527_19_01_03_Pro_jpg.rf.mSDg4RV17ypCZ0DoKxaz.jpg,1920,1080,CocaCola,831,183,1068,826
WIN_20260527_18_40_38_Pro_jpg.rf.rePuDuGpMDq2zJ65QIE1.jpg,1920,1080,CocaCola,1632,183,1919,861
WIN_20260527_19_00_11_Pro_jpg.rf.VwjjPvWO5kfxkdalWQIH.jpg,1920,1080,CocaCola,1429,147,1769,974
WIN_20260527_18_39_51_Pro_jpg.rf.gkOx043W4ZMBMppixspf.jpg,1920,1080,CocaCola,1748,181,1919,888
WIN_20260527_19_01_27_Pro_jpg.rf.loYTdTM4jdvSuTwhJpUg.jpg,1920,1080,CocaCola,756,188,973,789
WIN_20260527_18_48_31_Pro_jpg.rf.4WINReyaJvx27G2mGehn.jpg,1920,1080,CocaCola,872,188,1163,1008
WIN_20260527_19_00_53_Pro_jpg.rf.oS9VqJWsAYu1K52HItdT.jpg,1920,1080,CocaCola,943,184,1178,819
WIN_20260527_18_39_49_Pro_jpg.rf.wotSTYMuqzGrt4agc19S.jpg,1920,1080,CocaCola,1741,180,1919,876
WIN_20260527_18_59_56_Pro_jpg.rf.o1i8vj4AYA3hSNSsMb5M.jpg,1920,1080,CocaCola,942,196,1153,776
WIN_20260527_18_47_17_Pro_jpg.rf.1VS8Icqr3bxB9wvxMidI.jpg,1920,1080,CocaCola,1076,207,1330,877
WIN_20260527_19_00_03_Pro_jpg.rf.qHJ18SBV7gcfneAkK0Nb.jpg,1920,1080,CocaCola,748,133,1052,982
WIN_20260527_18_48_36_Pro_jpg.rf.5d7WVlKorANINK12E0du.jpg,1920,1080,CocaCola,854,190,1141,994
WIN_20260527_18_48_05_Pro_jpg.rf.5mMsvTfH6d1nGmL18OYO.jpg,1920,1080,CocaCola,202,229,444,840
WIN_20260527_19_01_37_Pro_jpg.rf.rQNaJOpU3xHpwBIYmzCi.jpg,1920,1080,CocaCola,1300,154,1610,951
WIN_20260527_18_47_19_Pro_jpg.rf.DbwurZATJbM91I289AaI.jpg,1920,1080,CocaCola,1060,207,1310,870
WIN_20260527_19_00_19_Pro_jpg.rf.s9uuPvU3ZgiAtA75HBGP.jpg,1920,1080,CocaCola,1052,182,1300,838
WIN_20260527_19_01_47_Pro_jpg.rf.EFRYRbwBtxzS9n35V0r2.jpg,1920,1080,CocaCola,1304,160,1602,927
WIN_20260527_18_40_45_Pro_jpg.rf.lrRqlwcGhkreCS0a7N0r.jpg,1920,1080,CocaCola,1658,181,1919,886
WIN_20260527_18_47_00_Pro_jpg.rf.9IeOfpuYUU72Gk7Dacpt.jpg,1920,1080,CocaCola,1000,207,1244,793
WIN_20260527_18_58_24_Pro_jpg.rf.39ihK2WLqGM8hiuiJwko.jpg,1920,1080,CocaCola,971,184,1223,871
WIN_20260527_19_01_34_Pro_jpg.rf.yLj0KQK7kYrSihNHuN8y.jpg,1920,1080,CocaCola,600,148,875,919
WIN_20260527_18_47_51_Pro_jpg.rf.HZnTI4TBmjQWeJfdLuYU.jpg,1920,1080,CocaCola,1087,195,1357,909
WIN_20260527_18_59_10_Pro_jpg.rf.5iXahck13395icwG3n5p.jpg,1920,1080,CocaCola,863,200,1083,796
WIN_20260527_18_47_40_Pro_jpg.rf.9p7mu3XHwaCN4sqC8FlL.jpg,1920,1080,CocaCola,342,241,574,818
WIN_20260527_18_59_20_Pro_jpg.rf.0Y4xH5UiPKdmKpGGsT4T.jpg,1920,1080,CocaCola,800,195,1019,791
WIN_20260527_18_48_39_Pro_jpg.rf.N515CWTBIwdHXqubA7E4.jpg,1920,1080,CocaCola,678,657,1424,932
WIN_20260527_18_58_28_Pro_jpg.rf.696V5U9dDb9TtsOu8J1E.jpg,1920,1080,CocaCola,1399,159,1708,958
WIN_20260527_18_47_33_Pro_jpg.rf.MJbvqCgZYH8XEIsSMwL5.jpg,1920,1080,CocaCola,810,165,1135,1079
WIN_20260527_19_00_36_Pro_jpg.rf.wkwoIbm7nLaobBFxkwuO.jpg,1920,1080,CocaCola,1054,194,1299,836
WIN_20260527_18_48_02_Pro_jpg.rf.U6zpjQ0JLOvVv98YmoYv.jpg,1920,1080,CocaCola,187,233,428,820
WIN_20260527_18_59_41_Pro_jpg.rf.7OuzkAZlOLKxr1Sq3pI8.jpg,1920,1080,CocaCola,896,190,1126,821
WIN_20260527_18_47_59_Pro_jpg.rf.KWCi5fCTK2Ao0nFpDRyL.jpg,1920,1080,CocaCola,678,234,895,825
WIN_20260527_18_59_38_Pro_jpg.rf.7aIO89spBGOvE2wHVpuR.jpg,1920,1080,CocaCola,1529,171,1819,877
WIN_20260527_18_59_04_Pro_jpg.rf.9vj31L2nSQBl3YqjBS5E.jpg,1920,1080,CocaCola,1374,148,1702,995
WIN_20260527_18_47_24_Pro_jpg.rf.UsjELn7JkwAMBNkR4sIj.jpg,1920,1080,CocaCola,935,217,1177,875
WIN_20260527_18_59_44_Pro_jpg.rf.BeNeoULunkgJsxy449dJ.jpg,1920,1080,CocaCola,934,177,1189,866
WIN_20260527_18_48_16_Pro_jpg.rf.YoeJJO1OMvqFVoxPMHdj.jpg,1920,1080,CocaCola,870,184,1163,1007
WIN_20260527_18_58_49_Pro_jpg.rf.BuHToHuZ7YaVGUIgl0tp.jpg,1920,1080,CocaCola,1388,139,1749,1038
WIN_20260527_18_47_30_Pro_jpg.rf.YocfBcIdo6FigooKC0t6.jpg,1920,1080,CocaCola,904,218,1144,873
WIN_20260527_18_58_19_Pro_jpg.rf.GekTECfbi7fohrfatRBN.jpg,1920,1080,CocaCola,911,191,1151,850
WIN_20260527_18_58_38_Pro_jpg.rf.Ns9IlB6XOb3hBB4kXGiH.jpg,1920,1080,CocaCola,1453,183,1723,856
WIN_20260527_18_59_00_Pro_jpg.rf.KlTGw6VUyABVbBf8GVzf.jpg,1920,1080,CocaCola,914,193,1146,823
WIN_20260527_18_48_15_Pro_jpg.rf.eF3Veusp23Hi6uAqw0Qc.jpg,1920,1080,CocaCola,877,189,1163,1007
WIN_20260527_18_46_48_Pro_jpg.rf.ZFAZg4O1JYjWsM7MCp0l.jpg,1920,1080,CocaCola,959,206,1219,884
WIN_20260527_18_47_43_Pro_jpg.rf.WjpGYYGikHz08AdX3bUc.jpg,1920,1080,CocaCola,169,210,471,942
WIN_20260527_18_47_27_Pro_jpg.rf.dficpUvzvJtMhgQLglUm.jpg,1920,1080,CocaCola,1313,191,1580,875
WIN_20260527_18_58_06_Pro_jpg.rf.ODuu1n30fbNcCEVStPLh.jpg,1920,1080,CocaCola,1534,144,1877,965
WIN_20260527_18_58_09_Pro_jpg.rf.HVJHsuhGhsnL9QWqMWoA.jpg,1920,1080,CocaCola,1063,190,1308,856
WIN_20260527_18_47_14_Pro_jpg.rf.qIb3wdQmeN9FF2gm0VMC.jpg,1920,1080,CocaCola,1054,213,1299,856
WIN_20260527_18_58_31_Pro_jpg.rf.Con1xa2pTFrfAhqCtBVC.jpg,1920,1080,CocaCola,1400,158,1707,959
WIN_20260527_18_48_08_Pro_jpg.rf.qfD7DaPIREhbMz50T2sG.jpg,1920,1080,CocaCola,7,198,325,962
WIN_20260527_18_48_24_Pro_jpg.rf.pCZrjhJd0PqE5pIJIAgq.jpg,1920,1080,CocaCola,870,189,1162,1008
WIN_20260527_18_59_29_Pro_jpg.rf.IAWCtHJvIjwQyBiVWNPH.jpg,1920,1080,CocaCola,972,188,1207,827
WIN_20260527_18_47_06_Pro_jpg.rf.r485SMmzATaYsb3LkwC4.jpg,1920,1080,CocaCola,1021,747,1121,850
WIN_20260527_18_47_06_Pro_jpg.rf.r485SMmzATaYsb3LkwC4.jpg,1920,1080,CocaCola,1006,211,1241,714
WIN_20260527_18_59_26_Pro_jpg.rf.RfSYp0yxVKfHeqYuHqW1.jpg,1920,1080,CocaCola,971,189,1206,827
WIN_20260527_18_58_46_Pro_jpg.rf.inZmQqNJbqwCAi2powWR.jpg,1920,1080,CocaCola,1105,106,1504,1079
WIN_20260527_18_47_52_Pro_jpg.rf.u6yO1gWxMGtFmC1c7t2x.jpg,1920,1080,CocaCola,1089,193,1358,909
WIN_20260527_18_58_42_Pro_jpg.rf.WLmXhubhcmp5itfx9dRF.jpg,1920,1080,CocaCola,655,207,857,755
WIN_20260527_18_47_03_Pro_jpg.rf.vnTnNBBF0xEA6KMHRINE.jpg,1920,1080,CocaCola,1007,210,1247,790
WIN_20260527_18_58_02_Pro_jpg.rf.c15X0szL6jNBV6stsENA.jpg,1920,1080,CocaCola,502,153,795,961
WIN_20260527_18_57_44_Pro_jpg.rf.oQ3XDA9S9SuynM938IOV.jpg,1920,1080,CocaCola,1511,161,1822,910
WIN_20260527_18_47_38_Pro_jpg.rf.jmEeHBqjljRKIzqH2WFo.jpg,1920,1080,CocaCola,914,222,1149,854
WIN_20260527_18_48_12_Pro_jpg.rf.ibF72LRBLiHl41sosJ74.jpg,1920,1080,CocaCola,873,185,1163,1007
WIN_20260527_18_59_15_Pro_jpg.rf.YNQQD5s8AE3u5XDhsr2S.jpg,1920,1080,CocaCola,1413,184,1680,839
WIN_20260527_18_58_13_Pro_jpg.rf.lwILMEK5bpX5CyOGqyhr.jpg,1920,1080,CocaCola,786,203,1003,800
WIN_20260527_18_47_46_Pro_jpg.rf.x929qSxawTQ09X77ouWW.jpg,1920,1080,CocaCola,189,219,471,915
WIN_20260527_18_58_53_Pro_jpg.rf.lHU36Omh6vPVO7AZNFrG.jpg,1920,1080,CocaCola,1390,137,1749,1040
WIN_20260527_18_58_16_Pro_jpg.rf.rNW06rsbxZDaimdol6jR.jpg,1920,1080,CocaCola,1600,149,1919,961
WIN_20260527_19_02_48_Pro_jpg.rf.0txgZ0d0aYNc83FsyxSc.jpg,1920,1080,CocaCola,932,179,1163,821
WIN_20260527_18_58_34_Pro_jpg.rf.y8mB5xaMczgqSV0pJ5tL.jpg,1920,1080,CocaCola,730,208,940,771
WIN_20260527_18_46_55_Pro_jpg.rf.gxyNLFEnHhbaUIwIQ5DA.jpg,1920,1080,CocaCola,1001,205,1246,858
WIN_20260527_18_57_54_Pro_jpg.rf.zPam19uezRtR1BHDV1xf.jpg,1920,1080,CocaCola,943,151,1252,1012
WIN_20260527_18_55_10_Pro_jpg.rf.0jrE6QPoWiz5tWRg6j8u.jpg,1920,1080,CocaCola,811,197,1036,810
WIN_20260527_18_47_55_Pro_jpg.rf.u6adSB7bwL85t0ANb8Ei.jpg,1920,1080,CocaCola,644,236,860,754
WIN_20260527_19_02_33_Pro_jpg.rf.3QNoBDLLKKJMNBFO91Cd.jpg,1920,1080,CocaCola,859,176,1097,828
WIN_20260527_19_03_13_Pro_jpg.rf.D6q2aq6oNiiIVThNjwC0.jpg,1920,1080,CocaCola,908,179,1137,804
WIN_20260527_18_57_57_Pro_jpg.rf.xvDB6g0Gl2q7KavhReMa.jpg,1920,1080,CocaCola,1109,185,1370,875
WIN_20260527_18_54_08_Pro_jpg.rf.5Bw48riffXXJ7myIocbc.jpg,1920,1080,CocaCola,931,641,1678,1029
WIN_20260527_19_02_03_Pro_jpg.rf.7rmeDuHchHSz6C87ZSLt.jpg,1920,1080,CocaCola,1297,158,1599,932
WIN_20260527_18_53_34_Pro_jpg.rf.6yeaw6q0ZdLdHW803opk.jpg,1920,1080,CocaCola,638,625,1223,968
WIN_20260527_19_01_52_Pro_jpg.rf.AaZLNB7nPqGbiLhi4iMj.jpg,1920,1080,CocaCola,818,183,1045,810
WIN_20260527_18_53_44_Pro_jpg.rf.B1VMfTbSmzdft9G1m75b.jpg,1920,1080,CocaCola,593,627,1343,941
WIN_20260527_18_59_23_Pro_jpg.rf.uj6FYMrA4snZ3VMVlpdX.jpg,1920,1080,CocaCola,807,153,1106,897
WIN_20260527_18_55_01_Pro_jpg.rf.2OqNnf9ZrntJfxsGyMnw.jpg,1920,1080,CocaCola,1063,170,1345,930
WIN_20260527_18_54_52_Pro_jpg.rf.3MC7TGFsKkHdusbgVgtG.jpg,1920,1080,CocaCola,835,189,1076,840
WIN_20260527_19_03_00_Pro_jpg.rf.F6EZlL2csijkXZUcJ171.jpg,1920,1080,CocaCola,934,179,1164,803
WIN_20260527_19_02_46_Pro_jpg.rf.FcjmXr1QdwyQRp4Qly0P.jpg,1920,1080,CocaCola,1093,100,1474,1079
WIN_20260527_19_02_51_Pro_jpg.rf.L2Oaf73QtHRuvfFsBb5v.jpg,1920,1080,CocaCola,1141,176,1393,849
WIN_20260527_18_59_34_Pro_jpg.rf.sms0QD6BFnOxIEPk4yIf.jpg,1920,1080,CocaCola,1257,182,1519,866
WIN_20260527_19_03_16_Pro_jpg.rf.Lfgw548ms1vpE84XkdCk.jpg,1920,1080,CocaCola,919,177,1147,801
WIN_20260527_19_02_31_Pro_jpg.rf.HhQXOJNqxhnLCYRqBv6K.jpg,1920,1080,CocaCola,858,177,1102,826
WIN_20260527_19_02_42_Pro_jpg.rf.RszAnlSe4ICB5DcBkvbU.jpg,1920,1080,CocaCola,1206,171,1473,871
WIN_20260527_18_53_24_Pro_jpg.rf.Khws0R4EjCLzGABvCFVd.jpg,1920,1080,CocaCola,752,178,1016,922
WIN_20260527_19_01_58_Pro_jpg.rf.SUoeE3piG3sgA7pKALtX.jpg,1920,1080,CocaCola,805,189,1022,782
WIN_20260527_18_55_16_Pro_jpg.rf.JTLQ6DCeUNhvNpkii1XI.jpg,1920,1080,CocaCola,1063,162,1355,954
WIN_20260527_19_03_07_Pro_jpg.rf.YzPwnPl9CdK0qPiVAxsB.jpg,1920,1080,CocaCola,914,180,1146,811
WIN_20260527_19_02_56_Pro_jpg.rf.OtUW8jW6CupdpbYw4v1q.jpg,1920,1080,CocaCola,1007,175,1253,843
WIN_20260527_19_02_11_Pro_jpg.rf.a7YBMpUXXYF2LQUvnAMU.jpg,1920,1080,CocaCola,792,181,1016,810
WIN_20260527_18_54_32_Pro_jpg.rf.KVJWLmNoZHF7409n3GxK.jpg,1920,1080,CocaCola,1253,143,1600,1032
WIN_20260527_19_03_05_Pro_jpg.rf.Pr66jAgbKcGUomjZKNNQ.jpg,1920,1080,CocaCola,911,180,1144,812
WIN_20260527_19_02_50_Pro_jpg.rf.kJ4Ga5eSOGmgdrMONa3M.jpg,1920,1080,CocaCola,1014,171,1263,812
WIN_20260527_18_54_40_Pro_jpg.rf.Cp9zArcdrZ0yOtg4iwZV.jpg,1920,1080,CocaCola,1576,122,1919,1079
WIN_20260527_19_02_23_Pro_jpg.rf.ED0EYow8QdYDdp0YlUdo.jpg,1920,1080,CocaCola,917,191,1139,789
WIN_20260527_18_55_35_Pro_jpg.rf.IFLN3HIWd6AmrsdDVRzL.jpg,1920,1080,CocaCola,1358,153,1696,1001
WIN_20260527_19_03_19_Pro_jpg.rf.pqtWDF8jxAMGv67wZsAk.jpg,1920,1080,CocaCola,922,176,1156,801
WIN_20260527_19_03_22_Pro_jpg.rf.p8gw2GW0CrnMnQVGskb4.jpg,1920,1080,CocaCola,934,176,1167,796
WIN_20260527_18_55_31_Pro_jpg.rf.UWOdu78kjEVuN4w7Fz07.jpg,1920,1080,CocaCola,831,170,1101,902
WIN_20260527_18_54_24_Pro_jpg.rf.WHE6P348PfbHCiB4vExb.jpg,1920,1080,CocaCola,754,179,997,839
WIN_20260527_19_02_26_Pro_jpg.rf.nDFeXEJeMPtEpHne7Fyc.jpg,1920,1080,CocaCola,1149,175,1411,864
WIN_20260527_19_03_03_Pro_jpg.rf.t0jxnfHo49w7aZtT7t10.jpg,1920,1080,CocaCola,888,188,1112,786
WIN_20260527_18_55_23_Pro_jpg.rf.MLI27EMIqJV3dDY8vffr.jpg,1920,1080,CocaCola,691,185,929,839
WIN_20260527_19_02_16_Pro_jpg.rf.iNob919d2Kw5aDGZq9xH.jpg,1920,1080,CocaCola,791,182,1017,810
WIN_20260527_18_53_53_Pro_jpg.rf.MQv24qbwZUQoSxR04ooI.jpg,1920,1080,CocaCola,861,194,1104,860
WIN_20260527_19_02_19_Pro_jpg.rf.rxyWtc1oPU7avIS5cEvL.jpg,1920,1080,CocaCola,1045,156,1322,917
WIN_20260527_18_54_36_Pro_jpg.rf.WeksWbex43MPbsSW5yR3.jpg,1920,1080,CocaCola,805,182,1053,863
WIN_20260527_19_02_59_Pro_jpg.rf.vrGlRTIiqxjj1MaOA5Ka.jpg,1920,1080,CocaCola,1004,175,1253,842
WIN_20260527_19_01_55_Pro_jpg.rf.xU1GTMDhFEukigyhQUPJ.jpg,1920,1080,CocaCola,1087,157,1374,923
WIN_20260527_18_53_41_Pro_jpg.rf.6S2JfQ0C7lYF4MZPZZI8.jpg,1920,1080,CocaCola,769,608,1303,1005
WIN_20260527_19_02_06_Pro_jpg.rf.iNXLHHcepDGrWK37QgOT.jpg,1920,1080,CocaCola,995,191,1221,794
WIN_20260527_19_03_02_Pro_jpg.rf.x8greFCxqJTefb9wv6qx.jpg,1920,1080,CocaCola,889,174,1130,798
WIN_20260527_18_53_27_Pro_jpg.rf.fdSFgG2qwdadGMjsT5IO.jpg,1920,1080,CocaCola,751,176,1018,921
WIN_20260527_18_54_46_Pro_jpg.rf.hOgnGLpwafaFME5vhiWl.jpg,1920,1080,CocaCola,1415,165,1728,943
WIN_20260527_18_53_38_Pro_jpg.rf.brhyhSqcFtWfpyoX5qg4.jpg,1920,1080,CocaCola,687,612,1387,945
WIN_20260527_19_02_53_Pro_jpg.rf.ddgJ3WXCeITISvAXeP3Z.jpg,1920,1080,CocaCola,764,191,970,763
WIN_20260527_18_54_26_Pro_jpg.rf.nNbxjlWSndCdiomP4FDI.jpg,1920,1080,CocaCola,782,185,1021,851
WIN_20260527_18_55_49_Pro_jpg.rf.Ei7p46jeGOX4sY0erY4A.jpg,1920,1080,CocaCola,897,617,1609,923
WIN_20260527_18_54_57_Pro_jpg.rf.kcya4cmsDPwBdI2NnU1B.jpg,1920,1080,CocaCola,534,195,749,783
WIN_20260527_18_53_48_Pro_jpg.rf.wioNEDK8N8At1Dvo23V7.jpg,1920,1080,CocaCola,1589,170,1829,936
WIN_20260527_18_53_20_Pro_jpg.rf.RYJ88XvsroQWjdLSDAs4.jpg,1920,1080,CocaCola,1239,144,1596,1079
WIN_20260527_18_54_02_Pro_jpg.rf.oZjxkHSDGJ3HwZzriUyH.jpg,1920,1080,CocaCola,456,238,735,766
WIN_20260527_18_55_05_Pro_jpg.rf.ocwcli4kfzNkj2VVQHwH.jpg,1920,1080,CocaCola,1421,181,1704,883
WIN_20260527_19_03_31_Pro_jpg.rf.1U2M1ArXjO6XV27I2FhB.jpg,1920,1080,CocaCola,936,174,1170,794
WIN_20260527_19_03_34_Pro_jpg.rf.GfVK9X1M7g9RzTXWauKP.jpg,1920,1080,CocaCola,924,174,1154,797
WIN_20260527_18_54_11_Pro_jpg.rf.szGrGDrrkLewAKK3IWob.jpg,1920,1080,CocaCola,1076,163,1366,953
WIN_20260527_18_53_57_Pro_jpg.rf.w1CK8xKrdpNgZwJDuGTO.jpg,1920,1080,CocaCola,326,573,893,839
WIN_20260527_19_03_42_Pro_jpg.rf.PutNlPz4A0fOyxHveigf.jpg,1920,1080,CocaCola,957,175,1191,796
WIN_20260527_18_54_30_Pro_jpg.rf.SZcuWwkBeszbfXffyyXR.jpg,1920,1080,CocaCola,782,184,1021,851
aug_WIN_20260527_18_38_23_Pro_jpg.rf.ct7YvJTzO9z3lFf8CzTh.jpg,1920,1080,CocaCola,1619,189,1909,860
WIN_20260527_19_03_45_Pro_jpg.rf.FDxZGHZkdMYu8ESfVOE5.jpg,1920,1080,CocaCola,856,176,1077,781
WIN_20260527_19_04_28_Pro_jpg.rf.ZLJXbekYD1nTGGbpXiVr.jpg,1920,1080,CocaCola,911,176,1136,784
WIN_20260527_19_03_49_Pro_jpg.rf.ZjfuKVY5Su3LRY66RzQI.jpg,1920,1080,CocaCola,709,181,914,745
WIN_20260527_19_04_58_Pro_jpg.rf.cvfuZjBnGvZB9Z6gUfIb.jpg,1920,1080,CocaCola,1084,162,1334,828
WIN_20260527_19_04_53_Pro_jpg.rf.VaW6XP4KyLcZKvKlHL21.jpg,1920,1080,CocaCola,1042,164,1289,820
WIN_20260527_19_03_36_Pro_jpg.rf.dEKdoLI1bdRUcl19m8fK.jpg,1920,1080,CocaCola,880,173,1110,796
WIN_20260527_19_08_02_Pro_jpg.rf.dZmsTUfqrbTH7UEktk2F.jpg,1920,1080,CocaCola,1191,116,1524,965
aug_WIN_20260527_18_39_38_Pro_jpg.rf.dj98c1c2OFaIfne7gkLt.jpg,1920,1080,CocaCola,1692,186,1919,864
aug_WIN_20260527_18_46_03_Pro_jpg.rf.driPV4TFX9XcxW6qJHIB.jpg,1920,1080,CocaCola,903,192,1189,961
aug_WIN_20260527_18_46_17_Pro_jpg.rf.gbcxdm2S7y9uYLg0rWsQ.jpg,1920,1080,CocaCola,486,668,1254,987
WIN_20260527_19_05_55_Pro_jpg.rf.fGCjQydju7WxeiSFV2fZ.jpg,1920,1080,CocaCola,679,175,885,750
WIN_20260527_19_08_04_Pro_jpg.rf.dwov8FWbrLFLniNL4q8v.jpg,1920,1080,CocaCola,1219,163,1466,798
WIN_20260527_19_04_42_Pro_jpg.rf.m0YKU8ZwPaMAoaBD0ov6.jpg,1920,1080,CocaCola,744,169,971,795
WIN_20260527_19_06_34_Pro_jpg.rf.hunDytY3lG190tTCumgL.jpg,1920,1080,CocaCola,789,159,1026,806
aug_WIN_20260527_18_36_32_Pro_jpg.rf.jf99R9XdUmtMEl9662Pa.jpg,1920,1080,CocaCola,874,192,1114,836
aug_WIN_20260527_18_41_29_Pro_jpg.rf.dSHC5ASbh9ktydpaFPCx.jpg,1920,1080,CocaCola,0,220,197,930
aug_WIN_20260527_18_45_32_Pro_jpg.rf.gyqauCfKrRrBLojpWnPe.jpg,1920,1080,CocaCola,856,188,1155,992
aug_WIN_20260527_18_45_57_Pro_jpg.rf.jsvOq4ZuCB3kQyxpZx9M.jpg,1920,1080,CocaCola,885,193,1170,960
WIN_20260527_19_03_25_Pro_jpg.rf.pE5CfgEQMNU53Z4GNvCW.jpg,1920,1080,CocaCola,937,175,1169,795
WIN_20260527_18_50_22_Pro_jpg.rf.Akmi3xDznlPJZZpv5Q22.jpg,1920,1080,CocaCola,842,239,1093,816
WIN_20260527_18_49_05_Pro_jpg.rf.5NYpZiWsYlAPlCu4YVww.jpg,1920,1080,CocaCola,1462,193,1769,908
aug_WIN_20260527_18_40_45_Pro_jpg.rf.hrHKexPfwgL79mDdsSA7.jpg,1920,1080,CocaCola,1658,181,1919,886
aug_WIN_20260527_18_46_41_Pro_jpg.rf.hhoMPeGd9Wl4n3BgZhM0.jpg,1920,1080,CocaCola,960,207,1207,737
WIN_20260527_19_04_30_Pro_jpg.rf.s7InZsXPs3fmNIAQlo82.jpg,1920,1080,CocaCola,797,146,1061,861
WIN_20260527_19_04_55_Pro_jpg.rf.tc485MqxSk2Yu0QWnxBs.jpg,1920,1080,CocaCola,797,171,1015,766
aug_WIN_20260527_18_46_10_Pro_jpg.rf.eD5vMZslOz2mDX9lmh2v.jpg,1920,1080,CocaCola,910,194,1191,957
WIN_20260527_19_03_39_Pro_jpg.rf.qwEdR5PYV1pC19jK8qfP.jpg,1920,1080,CocaCola,805,167,1038,808
WIN_20260527_18_49_28_Pro_jpg.rf.LtkNiZjRa3MI96BFxriz.jpg,1920,1080,CocaCola,949,215,1194,891
WIN_20260527_18_48_57_Pro_jpg.rf.E3Bw12OshsFQnAjMbZvR.jpg,1920,1080,CocaCola,647,631,1170,1020
WIN_20260527_18_50_18_Pro_jpg.rf.Ldjnc9bFgrsTPUZCTZC7.jpg,1920,1080,CocaCola,842,239,1092,816
WIN_20260527_18_48_45_Pro_jpg.rf.StfBNTPoOncIkDqknwDM.jpg,1920,1080,CocaCola,702,643,1237,978
WIN_20260527_18_49_46_Pro_jpg.rf.OYnhuUW5RUO4r16IMsVw.jpg,1920,1080,CocaCola,433,638,1116,941
WIN_20260527_18_49_49_Pro_jpg.rf.DzFCAZqF7ryYSPQwvmPQ.jpg,1920,1080,CocaCola,49,619,749,899
WIN_20260527_18_49_12_Pro_jpg.rf.TE4fJ44S8Pt6lyzdYEKd.jpg,1920,1080,CocaCola,802,219,1042,887
WIN_20260527_18_48_52_Pro_jpg.rf.Yu3xKqKLODUaSx7CQDgp.jpg,1920,1080,CocaCola,644,630,1184,1015
WIN_20260527_18_49_17_Pro_jpg.rf.VLi88EbNF6Lfqpx8p5lZ.jpg,1920,1080,CocaCola,746,201,1013,954
WIN_20260527_18_50_46_Pro_jpg.rf.DIJC7e74NZnok2vvIesn.jpg,1920,1080,CocaCola,711,202,950,868
WIN_20260527_18_50_05_Pro_jpg.rf.YJ0GV2MKqPgopkLHs2gq.jpg,1920,1080,CocaCola,1039,215,1281,886
WIN_20260527_18_50_43_Pro_jpg.rf.UL3mvX3s9rjodiyiamHl.jpg,1920,1080,CocaCola,488,219,696,777
WIN_20260527_18_48_42_Pro_jpg.rf.a34gydSwxycp2NaT6kgg.jpg,1920,1080,CocaCola,677,654,1424,933
WIN_20260527_18_49_14_Pro_jpg.rf.dKDmvA7ZjMrDjiojFMZ0.jpg,1920,1080,CocaCola,417,227,655,844
WIN_20260527_18_50_01_Pro_jpg.rf.h6Wa1SI1fygWGZQb6ksQ.jpg,1920,1080,CocaCola,1076,610,1741,876
WIN_20260527_18_49_08_Pro_jpg.rf.m9XDGVNgENohevpaafyn.jpg,1920,1080,CocaCola,801,219,1042,887
WIN_20260527_18_50_35_Pro_jpg.rf.klwiIWXgiiZxG9AS7Wi8.jpg,1920,1080,CocaCola,756,219,977,810
WIN_20260527_18_49_38_Pro_jpg.rf.oaSDHoSrdYUvke5JIgSX.jpg,1920,1080,CocaCola,1168,200,1435,925
WIN_20260527_18_50_10_Pro_jpg.rf.n0jFNWSMiKO5iKLNYF8v.jpg,1920,1080,CocaCola,989,241,1210,832
WIN_20260527_18_50_33_Pro_jpg.rf.gu1OQTiHU3ypKmdaMfSc.jpg,1920,1080,CocaCola,757,218,968,809
WIN_20260527_19_04_38_Pro_jpg.rf.fTL4RYmBd6qte7Su3pmy.jpg,1920,1080,CocaCola,432,125,720,868
WIN_20260527_18_49_42_Pro_jpg.rf.uLmfXH2V6tQNPLqNr2Wm.jpg,1920,1080,CocaCola,981,630,1280,1036
WIN_20260527_18_49_55_Pro_jpg.rf.x9PwhyEr1GyA4hGESn3G.jpg,1920,1080,CocaCola,452,646,1243,914
WIN_20260527_18_48_48_Pro_jpg.rf.knr5dCYBejFRIClNIWBx.jpg,1920,1080,CocaCola,701,642,1238,979
WIN_20260527_18_49_23_Pro_jpg.rf.oaDdmkM8uLsqt8O5UZon.jpg,1920,1080,CocaCola,1512,194,1831,913
WIN_20260527_18_50_30_Pro_jpg.rf.mI8E67f7QEL3Em0wLCZ4.jpg,1920,1080,CocaCola,1494,197,1809,872
WIN_20260527_18_52_46_Pro_jpg.rf.1BkUuLIhpO4eBiPk0202.jpg,1920,1080,CocaCola,1036,165,1337,989
WIN_20260527_18_49_35_Pro_jpg.rf.ujvTmbQbagxWaU0PeCMM.jpg,1920,1080,CocaCola,686,215,927,885
WIN_20260527_18_52_38_Pro_jpg.rf.6WB5CJ4lIz83V5hmXxaP.jpg,1920,1080,CocaCola,850,586,1383,880
WIN_20260527_18_52_50_Pro_jpg.rf.AGb2Z4xoznOcQ4SunB4b.jpg,1920,1080,CocaCola,537,213,745,764
WIN_20260527_18_49_33_Pro_jpg.rf.sjkCfJkIVTV8lBkd0NAH.jpg,1920,1080,CocaCola,963,215,1204,892
WIN_20260527_18_53_07_Pro_jpg.rf.G4TMvZj9MwLqlST7oo2M.jpg,1920,1080,CocaCola,801,177,1068,927
WIN_20260527_18_49_00_Pro_jpg.rf.h9YuwA7i84tdwXixaFmz.jpg,1920,1080,CocaCola,833,206,1093,930
WIN_20260527_18_53_31_Pro_jpg.rf.B7LKcSmyMihGiIInHKon.jpg,1920,1080,CocaCola,826,172,1100,937
WIN_20260527_18_51_29_Pro_jpg.rf.5YhK7fSgrrop0eLZEkVY.jpg,1920,1080,CocaCola,684,221,904,778
WIN_20260527_18_51_22_Pro_jpg.rf.Dx0KHbzAQw5VdnKaWVNu.jpg,1920,1080,CocaCola,947,211,1177,845
WIN_20260527_18_51_49_Pro_jpg.rf.F0sCqiJ4kOh333ytmitS.jpg,1920,1080,CocaCola,1014,624,1429,980
WIN_20260527_18_53_02_Pro_jpg.rf.Y12yIVn4iCEbjUopGEp8.jpg,1920,1080,CocaCola,1550,152,1827,986
WIN_20260527_18_51_52_Pro_jpg.rf.LNJbrwKGXQhfHgMmtUJN.jpg,1920,1080,CocaCola,944,634,1664,909
WIN_20260527_18_51_00_Pro_jpg.rf.bjOGjHaJhBiSnSlvEk2L.jpg,1920,1080,CocaCola,1580,197,1919,886
WIN_20260527_18_50_56_Pro_jpg.rf.ApZCmEhTuCUBnTCGFnoJ.jpg,1920,1080,CocaCola,1126,211,1360,838
WIN_20260527_18_51_37_Pro_jpg.rf.fivjWGGgZBqC72bW4L2v.jpg,1920,1080,CocaCola,841,605,1512,857
WIN_20260527_18_52_58_Pro_jpg.rf.DttHXbR8KN0urocFQkw9.jpg,1920,1080,CocaCola,1281,131,1674,1079
WIN_20260527_18_51_35_Pro_jpg.rf.IWMVI7PVxkfMk0ddKlzR.jpg,1920,1080,CocaCola,654,582,1234,847
WIN_20260527_18_51_40_Pro_jpg.rf.o2QxvB2qu874IprFcmyv.jpg,1920,1080,CocaCola,318,208,542,781
WIN_20260527_18_50_38_Pro_jpg.rf.nlNRqEQyebu3RMHEJQl8.jpg,1920,1080,CocaCola,487,219,696,777
WIN_20260527_18_52_54_Pro_jpg.rf.cvzLKvoIxkRW7WgVswJD.jpg,1920,1080,CocaCola,791,109,1175,1079
WIN_20260527_18_51_32_Pro_jpg.rf.Mh33Lb2xZ5SsxRCvoa9v.jpg,1920,1080,CocaCola,995,231,1212,818
WIN_20260527_18_51_06_Pro_jpg.rf.rj2stOS9JNKmrWMLM7lU.jpg,1920,1080,CocaCola,913,215,1136,827
WIN_20260527_18_51_54_Pro_jpg.rf.OnRUpoLrxMZj8G6BLC0G.jpg,1920,1080,CocaCola,911,591,1564,898
WIN_20260527_18_50_54_Pro_jpg.rf.rsJaOiK3J8Z4RXV0hsld.jpg,1920,1080,CocaCola,1127,211,1361,839
WIN_20260527_18_51_44_Pro_jpg.rf.hm4YdVCci26jjnHAQDOj.jpg,1920,1080,CocaCola,1152,200,1400,865
WIN_20260527_18_51_34_Pro_jpg.rf.fzGNPtBX6wsAgovVWgkJ.jpg,1920,1080,CocaCola,661,667,752,799
WIN_20260527_18_51_34_Pro_jpg.rf.fzGNPtBX6wsAgovVWgkJ.jpg,1920,1080,CocaCola,829,600,1237,847
WIN_20260527_18_50_51_Pro_jpg.rf.t4iQ1sMOknMxBihrhhTc.jpg,1920,1080,CocaCola,711,202,950,868
WIN_20260527_18_51_11_Pro_jpg.rf.szFqC7wiMECqHJLixgzQ.jpg,1920,1080,CocaCola,1082,205,1325,868
aug_WIN_20260527_20_25_04_Pro_jpg.rf.cCdsMAgo97fqpEFVHQJn.jpg,1920,1080,fanta2,1109,298,1357,973
WIN_20260527_20_13_47_Pro_jpg.rf.LJqbMwQS0JnuOfRx2tzF.jpg,1920,1080,fanta2,1198,135,1463,843
WIN_20260527_20_13_38_Pro_jpg.rf.L57IrAZYbKW5fLUjtzQA.jpg,1920,1080,fanta2,1205,132,1475,846
aug_WIN_20260527_20_26_37_Pro_jpg.rf.XUkqHSYWAygxq3D5OLTO.jpg,1920,1080,fanta2,452,354,704,973
WIN_20260527_20_13_16_Pro_jpg.rf.O5u2J0Pl0DbbxVKtHjR3.jpg,1920,1080,fanta2,1256,135,1532,861
aug_WIN_20260527_20_25_07_Pro_jpg.rf.V3UrjZ8Fj5jMw2b8iBHB.jpg,1920,1080,fanta2,1109,298,1355,833
WIN_20260527_20_13_56_Pro_jpg.rf.He3R0GMO1QJ7C7zvMta2.jpg,1920,1080,fanta2,270,616,649,952
WIN_20260527_20_12_30_Pro_jpg.rf.yfMIbkB6RrVIw74gZUnG.jpg,1920,1080,fanta2,134,199,441,909
aug_WIN_20260527_20_25_18_Pro_jpg.rf.eZE0hLq3slS23rjnivUB.jpg,1920,1080,fanta2,643,335,870,763
WIN_20260527_20_13_41_Pro_jpg.rf.Pcu9OfO987Qayyw18ra4.jpg,1920,1080,fanta2,1185,138,1455,838
aug_WIN_20260527_20_25_13_Pro_jpg.rf.eQHBlQc3ndN0FkPoPJ86.jpg,1920,1080,fanta2,744,330,980,927
WIN_20260527_20_14_38_Pro_jpg.rf.QJlYM6a632TJwVYHBqB1.jpg,1920,1080,fanta2,870,155,1153,871
aug_WIN_20260527_20_26_11_Pro_jpg.rf.hSQNCWDfZ1yMnBuj9wgk.jpg,1920,1080,fanta2,482,689,1071,1001
aug_WIN_20260527_20_25_21_Pro_jpg.rf.fDnsCylTPC13F34ai8Ro.jpg,1920,1080,fanta2,339,363,564,906
aug_WIN_20260527_20_25_21_Pro_jpg.rf.fDnsCylTPC13F34ai8Ro.jpg,1920,1080,fanta2,338,363,565,906
WIN_20260527_20_13_11_Pro_jpg.rf.QkdwksWvXEmBCGdYcpjI.jpg,1920,1080,fanta2,1242,136,1522,860
aug_WIN_20260527_20_26_06_Pro_jpg.rf.iop2VUxeIJIanpBECpcI.jpg,1920,1080,fanta2,455,691,1070,1014
WIN_20260527_20_17_46_Pro_jpg.rf.84oQtc8hJkgfEWRP4Hf8.jpg,1920,1080,fanta2,919,181,1170,817
WIN_20260527_20_12_13_Pro_jpg.rf.zr58FFw8arrmFTIxajzt.jpg,1920,1080,fanta2,183,201,483,890
WIN_20260527_20_14_42_Pro_jpg.rf.RtnC01hMmaUrRLuyFdaA.jpg,1920,1080,fanta2,840,155,1125,878
aug_WIN_20260527_20_09_29_Pro_jpg.rf.M4EiSyU9MNRNqoOYHlAN.jpg,1920,1080,fanta2,110,196,430,919
WIN_20260527_20_15_56_Pro_jpg.rf.2ZjrDcvaAUhPQNxVJYfj.jpg,1920,1080,fanta2,478,199,788,934
aug_WIN_20260527_20_09_27_Pro_jpg.rf.MjVCMDE1kT0htjMrLnb5.jpg,1920,1080,fanta2,110,198,431,913
WIN_20260527_20_18_02_Pro_jpg.rf.DEwXgFLEtQwXtlgl0LFi.jpg,1920,1080,fanta2,913,180,1168,763
WIN_20260527_20_16_25_Pro_jpg.rf.316N2j3S4bC9NwYk1Sor.jpg,1920,1080,fanta2,1601,122,1869,781
WIN_20260527_20_16_51_Pro_jpg.rf.GJ7nM10czBKsbNFEm3xZ.jpg,1920,1080,fanta2,658,569,1098,878
aug_WIN_20260527_20_09_59_Pro_jpg.rf.N8mkbiUmqbfFbYR2uZcx.jpg,1920,1080,fanta2,1425,109,1731,882
WIN_20260527_20_16_30_Pro_jpg.rf.M2asdnv6BIH9oOaiX6k8.jpg,1920,1080,fanta2,1583,125,1852,776
WIN_20260527_20_39_44_Pro_jpg.rf.VkC6kaLZfWhXs2ZIzRR0.jpg,1920,1080,fanta2,594,367,828,944
WIN_20260527_20_16_31_Pro_jpg.rf.P6hTcZ4Lk0CYyXNj4rLk.jpg,1920,1080,fanta2,1583,126,1852,774
aug_WIN_20260527_20_09_42_Pro_jpg.rf.U5NHFeFnP09qL51gXId4.jpg,1920,1080,fanta2,149,198,462,905
WIN_20260527_20_15_48_Pro_jpg.rf.7UN4n1U8gYnqc2dgk1FM.jpg,1920,1080,fanta2,389,206,707,947
WIN_20260527_20_13_44_Pro_jpg.rf.YrqxFmRCgtSF6pcNyYN2.jpg,1920,1080,fanta2,1205,134,1473,843
WIN_20260527_20_12_48_Pro_jpg.rf.ZFR03HeTKGd7txK9UNM8.jpg,1920,1080,fanta2,134,202,442,900
aug_WIN_20260527_20_09_47_Pro_jpg.rf.SNONX2WDgXVr7GDBEB1X.jpg,1920,1080,fanta2,152,195,471,920
WIN_20260527_20_13_14_Pro_jpg.rf.aExQoAXAukSOdALIdN0X.jpg,1920,1080,fanta2,1256,139,1524,846
aug_WIN_20260527_20_25_10_Pro_jpg.rf.nIPbkbBuyiBu94r0FkNE.jpg,1920,1080,fanta2,746,327,981,927
WIN_20260527_20_16_40_Pro_jpg.rf.R3FXgIMwFwowZCafAKWw.jpg,1920,1080,fanta2,1552,134,1810,760
aug_WIN_20260527_20_09_01_Pro_jpg.rf.UH6GhYo3TgZD2aTB19CY.jpg,1920,1080,fanta2,808,134,1111,911
WIN_20260527_20_15_54_Pro_jpg.rf.mKxFgejoDvNe6YjAcrPF.jpg,1920,1080,fanta2,448,203,755,932
WIN_20260527_20_14_13_Pro_jpg.rf.b9NDJONbyEhfZcgwIGAK.jpg,1920,1080,fanta2,835,530,1401,749
WIN_20260527_20_16_09_Pro_jpg.rf.mwvEr1F6HH3dAok93k0x.jpg,1920,1080,fanta2,1627,115,1902,783
aug_WIN_20260527_20_09_19_Pro_jpg.rf.1M9Gg3T4cv48AhgeuC7e.jpg,1920,1080,fanta2,123,196,445,919
WIN_20260527_20_19_16_Pro_jpg.rf.FZxpacrW1B5H8InzYWDo.jpg,1920,1080,fanta2,822,191,1068,644
WIN_20260527_20_16_34_Pro_jpg.rf.RK3sc77YEBzeQTsU7Z9a.jpg,1920,1080,fanta2,1566,130,1826,770
WIN_20260527_20_15_35_Pro_jpg.rf.o5cTekO7uhOhK6VgqXEU.jpg,1920,1080,fanta2,838,150,1138,907
aug_WIN_20260527_20_08_56_Pro_jpg.rf.YC804g1z8bR4yHxij0yF.jpg,1920,1080,fanta2,808,136,1105,896
WIN_20260527_20_15_38_Pro_jpg.rf.8COv0Y0f9OInZYt3GlXe.jpg,1920,1080,fanta2,312,203,649,970
WIN_20260527_20_18_16_Pro_jpg.rf.UUT2wuVfnXE9ELSNZjEH.jpg,1920,1080,fanta2,912,180,1170,817
aug_WIN_20260527_20_26_56_Pro_jpg.rf.xlr6hW0IuJkT1VpUxnKw.jpg,1920,1080,fanta2,1095,305,1330,943
WIN_20260527_20_17_13_Pro_jpg.rf.QRGSIRV0Cd1Mp9K3vnJG.jpg,1920,1080,fanta2,939,193,1157,751
WIN_20260527_20_15_01_Pro_jpg.rf.9VWJMC7mMmtLGmXQYjgd.jpg,1920,1080,fanta2,857,150,1148,894
aug_WIN_20260527_20_25_16_Pro_jpg.rf.rXP8A5zJZ1XQ09O1JIvn.jpg,1920,1080,fanta2,641,335,882,939
WIN_20260527_20_18_19_Pro_jpg.rf.SPfkHkF4vnGi238Yz4ZY.jpg,1920,1080,fanta2,912,179,1170,818
WIN_20260527_20_15_52_Pro_jpg.rf.p5oPVGsFEXqHxI3kG2TD.jpg,1920,1080,fanta2,438,207,744,920
aug_WIN_20260527_20_09_39_Pro_jpg.rf.XZ61ARxNkjhmabytkk3u.jpg,1920,1080,fanta2,125,196,445,922
WIN_20260527_20_16_20_Pro_jpg.rf.AyZVr4FWBM7vaPbwVZun.jpg,1920,1080,fanta2,1604,121,1872,777
WIN_20260527_20_18_23_Pro_jpg.rf.NncYJ9bdGXVcWEkGtZfA.jpg,1920,1080,fanta2,916,178,1172,822
WIN_20260527_20_15_19_Pro_jpg.rf.ASca9Ytl5uDVit4VijN0.jpg,1920,1080,fanta2,796,156,1096,898
aug_WIN_20260527_20_09_32_Pro_jpg.rf.cEIm3FKM8EuSq4YfabnO.jpg,1920,1080,fanta2,118,196,436,910
WIN_20260527_20_14_36_Pro_jpg.rf.fcqlTjc6uVUdRxaWK0fn.jpg,1920,1080,fanta2,848,154,1133,877
aug_WIN_20260527_20_26_45_Pro_jpg.rf.qvUQkaKicJ77QUQ83XTd.jpg,1920,1080,fanta2,452,353,705,972
WIN_20260527_20_15_26_Pro_jpg.rf.rYod0RdSG8MnKucr3v7T.jpg,1920,1080,fanta2,800,156,1095,897
WIN_20260527_20_16_37_Pro_jpg.rf.dBgMH1Se0I1CACLK5G4e.jpg,1920,1080,fanta2,1555,131,1814,763
aug_WIN_20260527_20_09_10_Pro_jpg.rf.0drGJiBIMD7rVnovSpEL.jpg,1920,1080,fanta2,92,196,420,927
WIN_20260527_20_17_08_Pro_jpg.rf.b6ryqWcnVzCoLeVTHKJE.jpg,1920,1080,fanta2,863,526,1419,769
WIN_20260527_20_15_58_Pro_jpg.rf.wuE17jDK9cF0EfiIKLE9.jpg,1920,1080,fanta2,480,200,785,918
aug_WIN_20260527_20_09_34_Pro_jpg.rf.ZWI8nIT03XjI4nGgZWHc.jpg,1920,1080,fanta2,105,196,423,917
WIN_20260527_20_17_06_Pro_jpg.rf.VWyTPOZl2tAhmNTKqH9b.jpg,1920,1080,fanta2,870,545,1432,763
WIN_20260527_20_16_14_Pro_jpg.rf.t77e5purerORVEeC196g.jpg,1920,1080,fanta2,1619,118,1891,781
aug_WIN_20260527_20_08_45_Pro_jpg.rf.jjxfFsIKUxzypurfPe2F.jpg,1920,1080,fanta2,820,149,1090,845
WIN_20260527_20_18_14_Pro_jpg.rf.Ym45zlB7kIUqae1GgvRe.jpg,1920,1080,fanta2,913,179,1170,817
WIN_20260527_20_13_23_Pro_jpg.rf.eRjEIkT7w2W7mhYBlKyi.jpg,1920,1080,fanta2,1230,128,1504,851
WIN_20260527_20_15_46_Pro_jpg.rf.MLXb4QDazY2D84ZiinhB.jpg,1920,1080,fanta2,359,207,681,960
aug_WIN_20260527_20_08_54_Pro_jpg.rf.pFsyYZF5N9P5M79A0bVx.jpg,1920,1080,fanta2,821,133,1114,892
WIN_20260527_20_16_04_Pro_jpg.rf.CtxaR47cRcYsChsJXnIQ.jpg,1920,1080,fanta2,1629,115,1903,783
WIN_20260527_20_16_46_Pro_jpg.rf.jewIyxUWCUbhvg6zF2uA.jpg,1920,1080,fanta2,603,563,1149,827
WIN_20260527_20_18_50_Pro_jpg.rf.2C7wGkNZ3QDNVAcqvpkk.jpg,1920,1080,fanta2,925,184,1174,805
WIN_20260527_20_16_17_Pro_jpg.rf.nJBy8TTIrVDGacpkLFAa.jpg,1920,1080,fanta2,1620,118,1891,780
aug_WIN_20260527_20_09_17_Pro_jpg.rf.qfrp9sxPyDr4A5m650z8.jpg,1920,1080,fanta2,117,192,438,926
WIN_20260527_20_19_52_Pro_jpg.rf.1U0zKI3rIfRdSBeMUvzF.jpg,1920,1080,fanta2,819,199,1071,815
WIN_20260527_20_17_28_Pro_jpg.rf.ony0WKeWUCphq8fX1zCk.jpg,1920,1080,fanta2,805,192,1067,833
WIN_20260527_20_22_02_Pro_jpg.rf.5WTOXCwjjvVW6QQiDKw7.jpg,1920,1080,fanta2,870,563,1456,810
WIN_20260527_20_16_54_Pro_jpg.rf.ooXlTquAWeoWx0LjcKAn.jpg,1920,1080,fanta2,770,572,1066,890
aug_WIN_20260527_20_09_37_Pro_jpg.rf.ulWV6Bj3ijyAodBWsXIy.jpg,1920,1080,fanta2,111,198,429,916
WIN_20260527_20_17_01_Pro_jpg.rf.rRtT6l4hSE6MoR4EMBOd.jpg,1920,1080,fanta2,961,557,1401,851
WIN_20260527_20_19_05_Pro_jpg.rf.7ERw9VS2k3BSZPTyM81r.jpg,1920,1080,fanta2,832,197,1085,778
WIN_20260527_20_14_25_Pro_jpg.rf.g1krfms7OYHPGm40jp6c.jpg,1920,1080,fanta2,1010,184,1243,752
aug_WIN_20260527_20_09_21_Pro_jpg.rf.x3dtjVmerSqN34cD23GN.jpg,1920,1080,fanta2,113,193,440,937
WIN_20260527_20_14_19_Pro_jpg.rf.jpD7LoDJV8fQpmJbZXZH.jpg,1920,1080,fanta2,965,542,1439,818
WIN_20260527_20_18_52_Pro_jpg.rf.7jv8Cy0J3gQ1KTTVvpsW.jpg,1920,1080,fanta2,897,187,1149,813
WIN_20260527_20_12_36_Pro_jpg.rf.ehuz1wgben9pByD0PAQt.jpg,1920,1080,fanta2,128,201,437,901
WIN_20260527_20_38_29_Pro_jpg.rf.3ZA5AyET6R8umTUGJ7GF.jpg,1920,1080,fanta2,922,324,1160,929
WIN_20260527_20_19_07_Pro_jpg.rf.0KB8QuLWIa5cS7KiVEks.jpg,1920,1080,fanta2,831,197,1081,773
WIN_20260527_20_17_55_Pro_jpg.rf.rf9RE9OWhT9MMpMLZOvL.jpg,1920,1080,fanta2,910,180,1169,777
aug_WIN_20260527_20_09_12_Pro_jpg.rf.xGFzzHZDpthROX5rv9V1.jpg,1920,1080,fanta2,107,191,432,931
aug_WIN_20260527_20_09_14_Pro_jpg.rf.3xKQ0TFh7FVanmcHZNfb.jpg,1920,1080,fanta2,111,191,436,929
WIN_20260527_20_19_14_Pro_jpg.rf.9l8pF7XZOYmRy3pzFryC.jpg,1920,1080,fanta2,827,197,1065,643
WIN_20260527_20_18_11_Pro_jpg.rf.sSiDCt7FxrfSehbOnG6R.jpg,1920,1080,fanta2,912,163,1168,818
WIN_20260527_20_18_25_Pro_jpg.rf.wTQJ7O5WGQk5QZ4hRgTW.jpg,1920,1080,fanta2,922,176,1176,821
aug_WIN_20260527_20_09_06_Pro_jpg.rf.462OstyMOSG8BFak9USL.jpg,1920,1080,fanta2,796,138,1093,897
WIN_20260527_20_20_25_Pro_jpg.rf.77Ewmm4ofxJCeBE3lNnW.jpg,1920,1080,fanta2,763,210,997,650
WIN_20260527_20_16_28_Pro_jpg.rf.rDwlOy7bcZmM4yjSNFJz.jpg,1920,1080,fanta2,1601,123,1866,776
aug_WIN_20260527_20_08_50_Pro_jpg.rf.58dhXVI7qlmc5Daqd79p.jpg,1920,1080,fanta2,799,137,1091,889
WIN_20260527_20_24_05_Pro_jpg.rf.AYLrNmzYsknP60uuWTuh.jpg,1920,1080,fanta2,832,327,1045,788
aug_WIN_20260527_20_10_11_Pro_jpg.rf.2BIuO9ZEIJRSY1oMa9yL.jpg,1920,1080,fanta2,1407,114,1710,880
WIN_20260527_20_37_04_Pro_jpg.rf.8XS5xvWBI9F4uDLdf5sz.jpg,1920,1080,fanta2,723,666,1232,876
WIN_20260527_20_19_38_Pro_jpg.rf.EtIpQfE0B1naKCYOYvM3.jpg,1920,1080,fanta2,819,199,1071,814
WIN_20260527_20_17_37_Pro_jpg.rf.yVZ5vVE9sne2pWXy0FyI.jpg,1920,1080,fanta2,902,180,1159,820
WIN_20260527_20_20_30_Pro_jpg.rf.GBzImt4Z9ezesAf1ijf9.jpg,1920,1080,fanta2,523,224,799,874
WIN_20260527_20_37_14_Pro_jpg.rf.95nvgC2k3Nd2p2GIGMB0.jpg,1920,1080,fanta2,747,332,1016,1004
WIN_20260527_20_16_06_Pro_jpg.rf.NPYTXbBS18pgfzQKK0Iu.jpg,1920,1080,fanta2,1630,116,1902,786
WIN_20260527_20_16_22_Pro_jpg.rf.MYOY4DuheTjw5qJe0CwR.jpg,1920,1080,fanta2,1602,122,1871,780
aug_WIN_20260527_20_10_19_Pro_jpg.rf.2LgHBWAwOVjFHK4DzSeD.jpg,1920,1080,fanta2,1405,112,1711,888
WIN_20260527_20_14_47_Pro_jpg.rf.kI45OmTR7dy600OLDZ40.jpg,1920,1080,fanta2,844,156,1127,876
WIN_20260527_20_36_31_Pro_jpg.rf.9CNSoVWG8SsKuGjkwMqE.jpg,1920,1080,fanta2,930,341,1145,881
WIN_20260527_20_37_32_Pro_jpg.rf.7QP8jy2e2adJ5Tp3Tzja.jpg,1920,1080,fanta2,967,306,1225,968
WIN_20260527_20_20_19_Pro_jpg.rf.MCAd0nsSsVDJcDS91PWp.jpg,1920,1080,fanta2,792,202,1029,629
WIN_20260527_20_15_08_Pro_jpg.rf.N9tmxfCt1TRiOWxHjzc1.jpg,1920,1080,fanta2,820,155,1114,891
WIN_20260527_20_17_33_Pro_jpg.rf.yTNsu3dSTTkSsRFvz7MJ.jpg,1920,1080,fanta2,839,185,1105,837
WIN_20260527_20_38_26_Pro_jpg.rf.AcG0zK3ERXMYw2XkLsuC.jpg,1920,1080,fanta2,1043,297,1316,999
aug_WIN_20260527_20_11_27_Pro_jpg.rf.8SCEfwWFqAR1qOchv08p.jpg,1920,1080,fanta2,779,135,1080,921
WIN_20260527_20_37_48_Pro_jpg.rf.4LumgIUUDnORz80FJr2z.jpg,1920,1080,fanta2,1040,298,1306,993
WIN_20260527_20_19_17_Pro_jpg.rf.Lzsaiy8xW4CHjI9dCJDW.jpg,1920,1080,fanta2,817,199,1054,643
aug_WIN_20260527_20_11_22_Pro_jpg.rf.3Lfuw0wMx2AV74bUfZx6.jpg,1920,1080,fanta2,781,138,1076,902
WIN_20260527_20_19_31_Pro_jpg.rf.O74ZvzJp9jOQIbb2MM89.jpg,1920,1080,fanta2,819,199,1071,814
WIN_20260527_20_15_50_Pro_jpg.rf.OJs93xvEyX8Ys9LGhkjZ.jpg,1920,1080,fanta2,427,203,741,932
aug_WIN_20260527_20_08_52_Pro_jpg.rf.AyHltvTuRcl7optV7DXU.jpg,1920,1080,fanta2,799,139,1090,891
aug_WIN_20260527_20_10_50_Pro_jpg.rf.6yBTEVcPHWf6S6HGAbw6.jpg,1920,1080,fanta2,781,524,1218,803
aug_WIN_20260527_20_09_03_Pro_jpg.rf.DB8TR3PguMARrubpUHyg.jpg,1920,1080,fanta2,820,129,1126,916
WIN_20260527_20_19_00_Pro_jpg.rf.T1SmTDWNkcBU4anXzuGK.jpg,1920,1080,fanta2,898,185,1150,766
aug_WIN_20260527_20_10_22_Pro_jpg.rf.5EPFqPz2EsyL7b0HEpQX.jpg,1920,1080,fanta2,1392,110,1699,891
aug_WIN_20260527_20_11_16_Pro_jpg.rf.A1DVaV3ZN8xSL8Jbd7Vi.jpg,1920,1080,fanta2,828,136,1113,883
WIN_20260527_20_37_20_Pro_jpg.rf.BCXyzAkh1KS4C0nPd9tZ.jpg,1920,1080,fanta2,711,346,959,955
WIN_20260527_20_15_32_Pro_jpg.rf.TM5K1ZMwoS254mGC9Y1Q.jpg,1920,1080,fanta2,841,152,1140,907
WIN_20260527_20_13_26_Pro_jpg.rf.mfANySTj1clXQqkv9MeM.jpg,1920,1080,fanta2,1220,129,1494,856
WIN_20260527_20_37_37_Pro_jpg.rf.BAXsCfuAhhl4FM6iqNPU.jpg,1920,1080,fanta2,993,305,1247,964
WIN_20260527_20_20_28_Pro_jpg.rf.R717AqA8ZbR4c7xhT7nK.jpg,1920,1080,fanta2,528,230,795,859
aug_WIN_20260527_20_10_25_Pro_jpg.rf.BrhDu9TJyakCSXJJoyb8.jpg,1920,1080,fanta2,1381,110,1691,906
WIN_20260527_20_37_11_Pro_jpg.rf.M3dxVoTH0XbHHJTsisDz.jpg,1920,1080,fanta2,768,654,1269,897
WIN_20260527_20_36_21_Pro_jpg.rf.LuGwJuWcOhUQXe2VCoE7.jpg,1920,1080,fanta2,1095,304,1334,825
aug_WIN_20260527_20_10_03_Pro_jpg.rf.BzEv4kxLXTdiNTCFx4aH.jpg,1920,1080,fanta2,1439,108,1744,884
WIN_20260527_20_18_29_Pro_jpg.rf.aIrxQNBNlKVuIoMKuyyD.jpg,1920,1080,fanta2,924,176,1178,820
WIN_20260527_20_20_01_Pro_jpg.rf.PtWSk2rJcowCUlZW0m8C.jpg,1920,1080,fanta2,795,202,1045,821
aug_WIN_20260527_20_10_06_Pro_jpg.rf.DMFnKtCnkc7WdrQP02Yq.jpg,1920,1080,fanta2,1434,110,1741,884
WIN_20260527_20_15_40_Pro_jpg.rf.UEeTNf6GP6NhT59Gu6Aq.jpg,1920,1080,fanta2,319,204,651,968
aug_WIN_20260527_20_10_34_Pro_jpg.rf.IwCtP7cQjGgaBKjNW0IB.jpg,1920,1080,fanta2,555,557,1083,855
WIN_20260527_20_36_37_Pro_jpg.rf.M465vqJt0w4BcnfA8YQg.jpg,1920,1080,fanta2,1190,300,1441,955
WIN_20260527_20_15_30_Pro_jpg.rf.eWg5vwTJUkAj3JfWWjZM.jpg,1920,1080,fanta2,817,151,1117,903
WIN_20260527_20_38_22_Pro_jpg.rf.MrILWMARTVSFaxtvKZ6e.jpg,1920,1080,fanta2,528,346,823,1075
aug_WIN_20260527_20_10_17_Pro_jpg.rf.H02Lq0ujWjJtpzJZBUkk.jpg,1920,1080,fanta2,1416,109,1727,892
WIN_20260527_20_15_44_Pro_jpg.rf.eihs9jNKnYzk18tCaZ2z.jpg,1920,1080,fanta2,348,204,675,954
aug_WIN_20260527_20_11_18_Pro_jpg.rf.GeRndYNNQrwaMGWQkvwz.jpg,1920,1080,fanta2,828,139,1108,880
WIN_20260527_20_37_18_Pro_jpg.rf.Ph8QtoPi2gSeOCVRExnH.jpg,1920,1080,fanta2,717,349,961,945
WIN_20260527_20_36_59_Pro_jpg.rf.Mlp1whRIcSKpr3ZMHcH9.jpg,1920,1080,fanta2,723,667,1233,879
WIN_20260527_20_22_15_Pro_jpg.rf.gpHVbcAc44WPZV6bn9ua.jpg,1920,1080,fanta2,946,574,1516,806
WIN_20260527_20_19_54_Pro_jpg.rf.mvHljDlAZA1WK1aANUVM.jpg,1920,1080,fanta2,810,196,1067,825
aug_WIN_20260527_20_11_13_Pro_jpg.rf.J6jhmkpxsJ1wavqOtESA.jpg,1920,1080,fanta2,823,140,1104,880
aug_WIN_20260527_20_09_23_Pro_jpg.rf.GYH0AVnk68LAy5wRqdsv.jpg,1920,1080,fanta2,122,198,443,915
WIN_20260527_20_20_21_Pro_jpg.rf.aP5Qr9OglwIm0Tkwh7gu.jpg,1920,1080,fanta2,803,205,1035,628
aug_WIN_20260527_20_11_11_Pro_jpg.rf.RRosXKVmp3hg5PTBDGyn.jpg,1920,1080,fanta2,818,139,1101,876
aug_WIN_20260527_20_10_09_Pro_jpg.rf.DKgwJVAumEFmLhILmbsb.jpg,1920,1080,fanta2,1424,110,1729,883
WIN_20260527_20_36_23_Pro_jpg.rf.Pv4f1L0F5GW1l68F6nVN.jpg,1920,1080,fanta2,1081,306,1317,827
WIN_20260527_20_20_23_Pro_jpg.rf.oq17wPQXRhr1LEWbc4SZ.jpg,1920,1080,fanta2,803,204,1036,635
aug_WIN_20260527_20_11_09_Pro_jpg.rf.Y5b5xcQ6UmWLGd6c1mDN.jpg,1920,1080,fanta2,841,138,1119,874
WIN_20260527_20_20_04_Pro_jpg.rf.mxCNzaqMfPUdeAY4tPgC.jpg,1920,1080,fanta2,795,201,1045,820
WIN_20260527_20_37_01_Pro_jpg.rf.SYfRf9QDdB9Wh7tIMMsQ.jpg,1920,1080,fanta2,723,666,1233,877
WIN_20260527_20_21_55_Pro_jpg.rf.WyL9igMG1ocD0EEWmzEr.jpg,1920,1080,fanta2,840,586,1398,851
aug_WIN_20260527_20_11_02_Pro_jpg.rf.a3ODAnqVbx13UOfjhFg4.jpg,1920,1080,fanta2,841,183,1060,757
WIN_20260527_20_15_13_Pro_jpg.rf.SXWX2J0SDFGSpWVakpUU.jpg,1920,1080,fanta2,800,156,1098,899
WIN_20260527_20_38_11_Pro_jpg.rf.UeV0kobZeuawXBMOiYzr.jpg,1920,1080,fanta2,745,313,1050,1079
WIN_20260527_20_15_04_Pro_jpg.rf.eBiF0IJlchHCrGEURpMS.jpg,1920,1080,fanta2,839,151,1130,888
WIN_20260527_20_15_42_Pro_jpg.rf.YB4V5KrzHEtPibx2xQAR.jpg,1920,1080,fanta2,328,204,659,973
aug_WIN_20260527_20_10_43_Pro_jpg.rf.Z4sJBYyQB0az36jRvI14.jpg,1920,1080,fanta2,703,528,1281,757
WIN_20260527_20_36_46_Pro_jpg.rf.VMDU3ycOjHK0B7jyU0Ke.jpg,1920,1080,fanta2,929,667,1380,933
aug_WIN_20260527_20_10_29_Pro_jpg.rf.da4rUQGOndMkKPXvjB9d.jpg,1920,1080,fanta2,1343,110,1648,905
WIN_20260527_20_38_33_Pro_jpg.rf.Wo0l6N2qOdppqPy5oXpj.jpg,1920,1080,fanta2,540,355,809,1014
WIN_20260527_20_38_36_Pro_jpg.rf.mJM45nCebUU9ZPds96AY.jpg,1920,1080,fanta2,230,880,398,954
WIN_20260527_20_38_36_Pro_jpg.rf.mJM45nCebUU9ZPds96AY.jpg,1920,1080,fanta2,158,410,397,935
WIN_20260527_20_18_48_Pro_jpg.rf.qQYXcrkt3aGF74dGgl2n.jpg,1920,1080,fanta2,929,184,1172,801
WIN_20260527_20_18_40_Pro_jpg.rf.qwiTiY0vSy5MI5pXLwvD.jpg,1920,1080,fanta2,912,181,1168,806
WIN_20260527_20_20_13_Pro_jpg.rf.uH3PENF7mxqkrI4JMW2C.jpg,1920,1080,fanta2,797,201,1045,820
aug_WIN_20260527_20_11_36_Pro_jpg.rf.lYArtN5lCmrM2JdRWtDt.jpg,1920,1080,fanta2,787,135,1084,915
WIN_20260527_20_14_50_Pro_jpg.rf.nScRA8bJ9GuxIEvFWa0k.jpg,1920,1080,fanta2,866,153,1148,873
WIN_20260527_20_14_40_Pro_jpg.rf.o6s2YyMqxeQmcrdOFqhf.jpg,1920,1080,fanta2,858,154,1142,876
WIN_20260527_20_38_16_Pro_jpg.rf.X33CWHkpCOtX2GThdwHl.jpg,1920,1080,fanta2,744,315,1050,1079
aug_WIN_20260527_20_14_38_Pro_jpg.rf.6Log00JIg6ZHubjZ9eBf.jpg,1920,1080,fanta2,870,155,1153,871
aug_WIN_20260527_20_10_14_Pro_jpg.rf.nz0oeW87yH7tBD2lpElD.jpg,1920,1080,fanta2,1412,109,1716,882
WIN_20260527_20_16_01_Pro_jpg.rf.hK8ixOJhg3uomhvZLPNK.jpg,1920,1080,fanta2,1634,114,1912,784
WIN_20260527_20_16_12_Pro_jpg.rf.libQ46LHhbavBt8XMXbX.jpg,1920,1080,fanta2,1624,118,1898,779
WIN_20260527_20_37_09_Pro_jpg.rf.jRbajlrftdP2F04IVzXR.jpg,1920,1080,fanta2,724,669,1233,878
aug_WIN_20260527_20_10_40_Pro_jpg.rf.lbkp0l3egS7pefCw0sG6.jpg,1920,1080,fanta2,767,549,1305,803
WIN_20260527_20_38_07_Pro_jpg.rf.opJ1hN1rS38ApD1zJjlG.jpg,1920,1080,fanta2,632,667,1060,933
aug_WIN_20260527_20_13_38_Pro_jpg.rf.GJYDmVgZxOHRKoUMMKA1.jpg,1920,1080,fanta2,1204,132,1476,847
WIN_20260527_20_25_10_Pro_jpg.rf.AujL4gs0dMWWURsIrJEs.jpg,1920,1080,fanta2,746,328,981,926
aug_WIN_20260527_20_10_27_Pro_jpg.rf.pewAEqyVFcOGdYteBqpW.jpg,1920,1080,fanta2,1378,105,1690,906
aug_WIN_20260527_20_13_47_Pro_jpg.rf.EJHeFjxteO4AawIytopq.jpg,1920,1080,fanta2,1196,136,1465,843
aug_WIN_20260527_20_10_52_Pro_jpg.rf.qFd3kdGc276Ls784PPxC.jpg,1920,1080,fanta2,909,526,1169,822
aug_WIN_20260527_20_08_59_Pro_jpg.rf.I9JTc2m71sjIZUOc5csD.jpg,1920,1080,fanta2,796,138,1091,888
aug_WIN_20260527_20_13_05_Pro_jpg.rf.5uQT9uO6QMLhb5hiK5Qo.jpg,1920,1080,fanta2,1291,140,1562,847
aug_WIN_20260527_20_09_52_Pro_jpg.rf.Uxs0k8jzrrmUDJjTEpwd.jpg,1920,1080,fanta2,1436,108,1747,886
WIN_20260527_20_37_40_Pro_jpg.rf.qoUM5szE1Otu1yUKMR65.jpg,1920,1080,fanta2,1042,298,1301,975
aug_WIN_20260527_20_12_46_Pro_jpg.rf.BcgxPOPVyZHURz9MPHkf.jpg,1920,1080,fanta2,144,202,448,899
aug_WIN_20260527_20_10_13_Pro_jpg.rf.nkB4lmYGygGKSGpkSXIV.jpg,1920,1080,fanta2,1413,109,1715,882
WIN_20260527_20_37_42_Pro_jpg.rf.phuhjOFgKvhBerFTfZ25.jpg,1920,1080,fanta2,1043,298,1300,977
WIN_20260527_20_19_57_Pro_jpg.rf.rL2ly5pA2S4Tbwjz6ScL.jpg,1920,1080,fanta2,811,195,1067,826
aug_WIN_20260527_20_09_54_Pro_jpg.rf.zdt5UAXSxpyWEV9MmoLL.jpg,1920,1080,fanta2,1437,109,1742,881
WIN_20260527_20_36_53_Pro_jpg.rf.t0PZoGEa9SpYzWfnXxqH.jpg,1920,1080,fanta2,682,714,978,990
aug_WIN_20260527_20_10_55_Pro_jpg.rf.vYd6JcMkGkwL50SKIFgn.jpg,1920,1080,fanta2,930,530,1313,807
WIN_20260527_20_37_29_Pro_jpg.rf.tk09jAVZMBgH02ONmZEh.jpg,1920,1080,fanta2,944,312,1195,953
WIN_20260527_20_38_18_Pro_jpg.rf.trdLtJNGe6zBaudeAXVK.jpg,1920,1080,fanta2,739,316,1042,1079
aug_WIN_20260527_20_14_34_Pro_jpg.rf.RP7PkNByvjkPcd4c9OlO.jpg,1920,1080,fanta2,825,158,1112,884
WIN_20260527_20_10_52_Pro_jpg.rf.2BA20fvvminKnnkgwsdC.jpg,1920,1080,fanta2,910,526,1169,824
WIN_20260527_20_12_46_Pro_jpg.rf.rGNM4mN3Sp74HQKAFqKw.jpg,1920,1080,fanta2,144,201,448,898
WIN_20260527_20_17_03_Pro_jpg.rf.3b3tll9AXZ6QZUIsanbn.jpg,1920,1080,fanta2,930,553,1474,815
aug_WIN_20260527_20_14_40_Pro_jpg.rf.Jrf9YtXuSGg2yCy6g0Dp.jpg,1920,1080,fanta2,858,155,1142,875
aug_WIN_20260527_20_14_13_Pro_jpg.rf.P6V8BpZRnTXZcDTegw9a.jpg,1920,1080,fanta2,836,530,1401,749
aug_WIN_20260527_20_14_42_Pro_jpg.rf.FnCbuelc2mOuhaeFciJY.jpg,1920,1080,fanta2,840,155,1124,877
WIN_20260527_20_17_30_Pro_jpg.rf.7DnrUCuQaVxgUALKflnh.jpg,1920,1080,fanta2,804,192,1068,831
WIN_20260527_20_38_09_Pro_jpg.rf.xflzWANzFjzTaKOFffj0.jpg,1920,1080,fanta2,609,290,981,1079
WIN_20260527_20_24_42_Pro_jpg.rf.8M0VyoedWPufZJoigkei.jpg,1920,1080,fanta2,790,252,1167,1079
WIN_20260527_20_25_00_Pro_jpg.rf.4T5haQVHsx9mhPcHzaru.jpg,1920,1080,fanta2,1189,274,1490,1079
aug_WIN_20260527_20_13_41_Pro_jpg.rf.iftkAwtSXA1dAlRPV5kT.jpg,1920,1080,fanta2,1189,137,1455,838
WIN_20260527_20_18_34_Pro_jpg.rf.7aq7HkgBMJ00hB0SKVRP.jpg,1920,1080,fanta2,913,180,1169,817
WIN_20260527_20_15_11_Pro_jpg.rf.jKGslQyDHdyTVYEMZS8A.jpg,1920,1080,fanta2,807,157,1102,891
WIN_20260527_20_10_13_Pro_jpg.rf.4q7oIJPcQLs4ksQINOkj.jpg,1920,1080,fanta2,1413,110,1715,881
WIN_20260527_20_09_54_Pro_jpg.rf.6RbhBYNUkCgS2Q8sWEAk.jpg,1920,1080,fanta2,1437,110,1741,883
WIN_20260527_20_24_02_Pro_jpg.rf.1NdFzaH9xNqqcyRkjwfw.jpg,1920,1080,fanta2,855,319,1069,791
WIN_20260527_20_24_35_Pro_jpg.rf.8cjaoy2DMMREtQ4JsUtv.jpg,1920,1080,fanta2,654,339,863,891
aug_WIN_20260527_20_14_50_Pro_jpg.rf.l8QPEHDjJkqQoXi7lBNt.jpg,1920,1080,fanta2,869,155,1149,872
WIN_20260527_20_10_11_Pro_jpg.rf.Fq5setGJ0Wc30nITXOIg.jpg,1920,1080,fanta2,1407,114,1710,878
WIN_20260527_20_10_19_Pro_jpg.rf.6FnVnNBpfkMbQrzhlr2j.jpg,1920,1080,fanta2,1407,111,1710,889
WIN_20260527_20_23_22_Pro_jpg.rf.XqACcpMY4Pcqh0gGjakX.jpg,1920,1080,fanta2,864,429,1113,1079
aug_WIN_20260527_20_14_58_Pro_jpg.rf.NjHRT3UD2tyRYSmxKJL6.jpg,1920,1080,fanta2,864,154,1148,882
aug_WIN_20260527_20_13_56_Pro_jpg.rf.W59E0sZqDUWntRl7q2N8.jpg,1920,1080,fanta2,269,616,659,954
WIN_20260527_20_10_17_Pro_jpg.rf.Fu2tY9M9JqRL7A2eu3Yy.jpg,1920,1080,fanta2,1417,106,1726,886
WIN_20260527_20_39_49_Pro_jpg.rf.L7P6eFAYZv2W9t63NO2U.jpg,1920,1080,fanta2,579,369,813,933
aug_WIN_20260527_20_13_50_Pro_jpg.rf.RtcQ3iQVox53rhNnYKBo.jpg,1920,1080,fanta2,421,584,983,871
WIN_20260527_20_10_34_Pro_jpg.rf.CP07v19cyocUGm9dKXoA.jpg,1920,1080,fanta2,555,557,1084,854
aug_WIN_20260527_20_08_40_Pro_jpg.rf.JJn5dz2ugUgFxFwshIPQ.jpg,1920,1080,fanta2,809,155,1074,831
aug_WIN_20260527_20_13_35_Pro_jpg.rf.SI4iF4FN3lTKQhNjOM99.jpg,1920,1080,fanta2,1203,132,1472,852
WIN_20260527_20_10_06_Pro_jpg.rf.HJ8kExHG8mr4aD32F7Bg.jpg,1920,1080,fanta2,1438,110,1740,885
aug_WIN_20260527_20_09_25_Pro_jpg.rf.K69AQFTJewsu4u4JUOm4.jpg,1920,1080,fanta2,102,198,423,919
WIN_20260527_20_19_35_Pro_jpg.rf.sS8piZI2JgxZpLSfZqsw.jpg,1920,1080,fanta2,819,199,1070,813
WIN_20260527_20_10_40_Pro_jpg.rf.aFRdjb4MdljpnSffC2Oc.jpg,1920,1080,fanta2,767,549,1305,803
aug_WIN_20260527_20_09_57_Pro_jpg.rf.J1wlrEK6uomkoHBdJNiM.jpg,1920,1080,fanta2,1436,109,1743,881
aug_WIN_20260527_20_13_44_Pro_jpg.rf.WLHq1FFHfbyhj2JDcKUD.jpg,1920,1080,fanta2,1205,133,1473,844
WIN_20260527_20_09_59_Pro_jpg.rf.cjToOOaepmJaMAHXSfXm.jpg,1920,1080,fanta2,1426,109,1731,882
WIN_20260527_20_24_48_Pro_jpg.rf.G39VSGMCzk6EFOQkPkkT.jpg,1920,1080,fanta2,554,744,1382,1065
aug_WIN_20260527_20_13_08_Pro_jpg.rf.Wu83JyQWnmKFeXzxMItv.jpg,1920,1080,fanta2,1269,137,1543,851
WIN_20260527_20_10_29_Pro_jpg.rf.GtEpfHafr7FoWO90as4K.jpg,1920,1080,fanta2,1342,107,1649,904
WIN_20260527_20_24_51_Pro_jpg.rf.S5CdLCnb8WpLw3NPDuAz.jpg,1920,1080,fanta2,464,754,913,1079
aug_WIN_20260527_20_14_47_Pro_jpg.rf.YJEuwNHYcWUqmAmnIKwU.jpg,1920,1080,fanta2,844,155,1128,875
WIN_20260527_20_11_13_Pro_jpg.rf.HVpwaSDJyW6jPzD8IGhT.jpg,1920,1080,fanta2,823,139,1103,878
WIN_20260527_20_24_32_Pro_jpg.rf.GDrBvxvt3BaAOFBGMm5K.jpg,1920,1080,fanta2,1253,686,1919,950
WIN_20260527_20_22_18_Pro_jpg.rf.Ris5Q2qNOpKl64OCTJWL.jpg,1920,1080,fanta2,1003,238,1213,793
aug_WIN_20260527_20_13_14_Pro_jpg.rf.PdPQiyKVULTG4c2s39lz.jpg,1920,1080,fanta2,1257,140,1523,847
WIN_20260527_20_09_57_Pro_jpg.rf.MBlFa4lS1JezWhUzZV3D.jpg,1920,1080,fanta2,1437,109,1741,882
WIN_20260527_20_23_57_Pro_jpg.rf.HRQwc6yTIGKM3Z4GYqrk.jpg,1920,1080,fanta2,838,324,1053,788
aug_WIN_20260527_20_14_36_Pro_jpg.rf.VDen27h7N4EB8A6C5rch.jpg,1920,1080,fanta2,848,156,1133,878
aug_WIN_20260527_20_10_47_Pro_jpg.rf.qV3VCV78RxCRflRgUafw.jpg,1920,1080,fanta2,697,527,1229,790
WIN_20260527_20_24_44_Pro_jpg.rf.Ttuhz3Qtbs3CtT79Wp4d.jpg,1920,1080,fanta2,791,274,1133,1079
aug_WIN_20260527_20_14_45_Pro_jpg.rf.fbjiVc7JuCewTFirZrD9.jpg,1920,1080,fanta2,839,157,1124,876
WIN_20260527_20_10_27_Pro_jpg.rf.JIOdwkIjECk3EYsakds1.jpg,1920,1080,fanta2,1378,104,1690,904
WIN_20260527_20_10_09_Pro_jpg.rf.MlXJh1f5fOXfLLoqljVB.jpg,1920,1080,fanta2,1425,109,1729,880
WIN_20260527_20_23_53_Pro_jpg.rf.Tbmx3wBLuQmg7rJfN6uQ.jpg,1920,1080,fanta2,884,320,1104,786
aug_WIN_20260527_20_14_19_Pro_jpg.rf.gpizqq4aAYFu9ZPYDKyH.jpg,1920,1080,fanta2,967,544,1431,812
aug_WIN_20260527_20_13_03_Pro_jpg.rf.llDKLx3puv93mNRcYDsN.jpg,1920,1080,fanta2,1322,139,1597,838
WIN_20260527_20_24_46_Pro_jpg.rf.LLZnk5UFMZ6S9hOB9qcr.jpg,1920,1080,fanta2,562,725,1157,1021
WIN_20260527_20_09_42_Pro_jpg.rf.Pve3M2O6DoEZUWkADjgj.jpg,1920,1080,fanta2,160,195,460,928
WIN_20260527_20_24_02_Pro (2)_jpg.rf.X7puMJUi6z5dzEnIOB1M.jpg,1920,1080,fanta2,854,322,1069,788
aug_WIN_20260527_20_14_25_Pro_jpg.rf.kNqpmcpuzD763tM7I1dJ.jpg,1920,1080,fanta2,1009,184,1243,751
WIN_20260527_20_10_14_Pro_jpg.rf.Vwf4zbcxjz0Qmony0iLR.jpg,1920,1080,fanta2,1411,110,1716,882
WIN_20260527_20_24_09_Pro_jpg.rf.yu9IxWIIcsVCYBb7T4UV.jpg,1920,1080,fanta2,0,347,224,1061
aug_WIN_20260527_20_14_52_Pro_jpg.rf.WCwPmsTGJVcufKxoVMcN.jpg,1920,1080,fanta2,871,151,1155,879
WIN_20260527_20_10_50_Pro_jpg.rf.RDHBRftFh5E7qSrkr9Oa.jpg,1920,1080,fanta2,781,525,1218,803
WIN_20260527_20_11_11_Pro_jpg.rf.YL4fyV7Z0MHEWuu63YQ8.jpg,1920,1080,fanta2,818,139,1102,877
WIN_20260527_20_24_58_Pro_jpg.rf.cUMOP2XrHsSDXAS9qleP.jpg,1920,1080,fanta2,594,302,909,1079
WIN_20260527_20_11_09_Pro_jpg.rf.QUd9m7JHHX6HWlJQM000.jpg,1920,1080,fanta2,841,139,1118,871
aug_WIN_20260527_20_13_11_Pro_jpg.rf.pDCDZ1SMzEBla7dUbGT2.jpg,1920,1080,fanta2,1248,135,1523,860
WIN_20260527_20_09_47_Pro_jpg.rf.ZtWLH89jJxKw2y5XbESW.jpg,1920,1080,fanta2,152,195,473,919
WIN_20260527_20_24_39_Pro_jpg.rf.aphfLSnBfqKuyJsD2mRI.jpg,1920,1080,fanta2,571,266,941,1079
WIN_20260527_20_24_27_Pro_jpg.rf.eVXOK9qzFLVruej8jXHa.jpg,1920,1080,fanta2,1431,307,1684,948
aug_WIN_20260527_20_15_01_Pro_jpg.rf.rcS55LpZ1VepTPfUTu71.jpg,1920,1080,fanta2,857,148,1147,898
WIN_20260527_20_09_52_Pro_jpg.rf.miq6OTMkghTSztrCEDua.jpg,1920,1080,fanta2,1436,109,1745,886
WIN_20260527_20_24_17_Pro_jpg.rf.lONUvdHN5J9yumTgPilZ.jpg,1920,1080,fanta2,0,341,283,1066
aug_WIN_20260527_20_13_26_Pro_jpg.rf.nk9AZOZpm3p31x3foJyh.jpg,1920,1080,fanta2,1220,128,1494,855
WIN_20260527_20_22_08_Pro_jpg.rf.lSNZUdrZOa39273nDqCD.jpg,1920,1080,fanta2,870,563,1456,796
WIN_20260527_20_23_40_Pro_jpg.rf.l3pBbBfjMlGpoFlBWQ34.jpg,1920,1080,fanta2,887,318,1103,927
WIN_20260527_20_11_02_Pro_jpg.rf.YQQIQ25JCElZI1MJ2pHa.jpg,1920,1080,fanta2,840,184,1060,757
WIN_20260527_20_11_16_Pro_jpg.rf.rvJFrROsjvzPdvUAUC4l.jpg,1920,1080,fanta2,828,136,1112,882
WIN_20260527_20_24_15_Pro_jpg.rf.s2j8MfJAuwCFVjaxLPml.jpg,1920,1080,fanta2,0,340,279,1075
aug_WIN_20260527_20_17_37_Pro_jpg.rf.1LkdoUuS1EsWJE5APt9a.jpg,1920,1080,fanta2,901,182,1160,821
WIN_20260527_20_10_55_Pro_jpg.rf.xD4uUgCjWPGjNQ1hDmsF.jpg,1920,1080,fanta2,929,527,1314,809
WIN_20260527_20_24_29_Pro_jpg.rf.czoPPRSYd31EKWDHs4fI.jpg,1920,1080,fanta2,1377,678,1910,1023
aug_WIN_20260527_20_13_23_Pro_jpg.rf.pPQGF2X7eS90DSgwA5KL.jpg,1920,1080,fanta2,1230,128,1504,852
aug_WIN_20260527_20_16_28_Pro_jpg.rf.4Ac9V7lNSjDz3fwXQIBP.jpg,1920,1080,fanta2,1598,124,1866,777
WIN_20260527_20_10_43_Pro_jpg.rf.lEcFkQQw3IW5fBNBH0SK.jpg,1920,1080,fanta2,702,527,1281,757
WIN_20260527_20_10_47_Pro_jpg.rf.XksqFuw6oXHqHT409Qr1.jpg,1920,1080,fanta2,697,527,1229,788
WIN_20260527_20_22_12_Pro_jpg.rf.yWLRO5M6orDmMZa7M4Sx.jpg,1920,1080,fanta2,945,576,1519,807
WIN_20260527_20_24_11_Pro_jpg.rf.sRT6lGXVlHCzRPxPcGWB.jpg,1920,1080,fanta2,0,342,284,1059
aug_WIN_20260527_20_13_16_Pro_jpg.rf.p1vGFsn5VBfoUnmSLVoq.jpg,1920,1080,fanta2,1256,134,1531,862
WIN_20260527_20_13_05_Pro_jpg.rf.0WDpFKK6vzvlVT1sQjmY.jpg,1920,1080,fanta2,1287,138,1564,848
WIN_20260527_20_24_24_Pro_jpg.rf.oaEGikUUdF2OpTFUnQhK.jpg,1920,1080,fanta2,1455,306,1706,938
WIN_20260527_20_08_47_Pro_jpg.rf.EvMWgaxcDXbp8Vc0ljDE.jpg,1920,1080,fanta2,823,144,1097,856
aug_WIN_20260527_20_18_11_Pro_jpg.rf.FmZMjocZ1TjaGV0vN8GQ.jpg,1920,1080,fanta2,911,184,1168,817
WIN_20260527_20_09_39_Pro_jpg.rf.CFjvqiFBDvucStIJYywM.jpg,1920,1080,fanta2,133,195,465,943
WIN_20260527_20_23_16_Pro_jpg.rf.z0MY867vbm9DaTSEYENW.jpg,1920,1080,fanta2,865,429,1112,1079
WIN_20260527_20_08_36_Pro_jpg.rf.5FRunJXxmYrJa6Z2XN3F.jpg,1920,1080,fanta2,792,164,1049,813
WIN_20260527_20_23_09_Pro_jpg.rf.zBdknhfeT4M1SPtx4xDZ.jpg,1920,1080,fanta2,841,435,1071,1073
aug_WIN_20260527_20_18_02_Pro_jpg.rf.LJA5AW1OmYl0TCnyuWIR.jpg,1920,1080,fanta2,911,180,1168,763
WIN_20260527_20_09_29_Pro_jpg.rf.RbkhQRU0nJgxFBUIMVL1.jpg,1920,1080,fanta2,78,193,440,895
WIN_20260527_20_10_22_Pro_jpg.rf.pbG3pTSe1ZvicqYjlPGj.jpg,1920,1080,fanta2,1392,109,1699,889
WIN_20260527_20_28_45_Pro_jpg.rf.3GPTnVUOfZBsCC2hTV9K.jpg,1920,1080,fanta2,572,303,923,1079
aug_WIN_20260527_20_17_06_Pro_jpg.rf.7h2HoIJvle4txjxyvXQc.jpg,1920,1080,fanta2,870,545,1432,763
WIN_20260527_20_08_32_Pro_jpg.rf.HzDveis71sjqK3eAcjH6.jpg,1920,1080,fanta2,789,166,1042,806
WIN_20260527_20_28_33_Pro_jpg.rf.DuXbwNyfYiFwG4W5UtbG.jpg,1920,1080,fanta2,869,821,962,862
WIN_20260527_20_28_33_Pro_jpg.rf.DuXbwNyfYiFwG4W5UtbG.jpg,1920,1080,fanta2,746,891,817,952
WIN_20260527_20_28_33_Pro_jpg.rf.DuXbwNyfYiFwG4W5UtbG.jpg,1920,1080,fanta2,440,772,716,941
WIN_20260527_20_28_33_Pro_jpg.rf.DuXbwNyfYiFwG4W5UtbG.jpg,1920,1080,fanta2,441,757,605,815
WIN_20260527_20_28_33_Pro_jpg.rf.DuXbwNyfYiFwG4W5UtbG.jpg,1920,1080,fanta2,701,715,1016,817
WIN_20260527_20_28_33_Pro_jpg.rf.DuXbwNyfYiFwG4W5UtbG.jpg,1920,1080,fanta2,481,877,731,1004
WIN_20260527_20_27_34_Pro_jpg.rf.6ZBRN14nMecdKBkTMw7J.jpg,1920,1080,fanta2,269,364,538,995
aug_WIN_20260527_20_18_14_Pro_jpg.rf.HiqTKinJf1fs8VG78G6w.jpg,1920,1080,fanta2,911,180,1170,817
WIN_20260527_20_08_59_Pro_jpg.rf.NZfuFYXzFL72HxXXnJc6.jpg,1920,1080,fanta2,798,139,1092,889
WIN_20260527_20_10_25_Pro_jpg.rf.zlqKZOexfm7z5WovFI3c.jpg,1920,1080,fanta2,1381,107,1690,900
WIN_20260527_20_28_27_Pro_jpg.rf.Jz7oTWgFhFBU8kJ8D5zJ.jpg,1920,1080,fanta2,791,843,1064,1079
WIN_20260527_20_28_27_Pro_jpg.rf.Jz7oTWgFhFBU8kJ8D5zJ.jpg,1920,1080,fanta2,777,294,1119,1079
WIN_20260527_20_28_43_Pro_jpg.rf.HmL0L8CJihvrGREBvPJ0.jpg,1920,1080,fanta2,353,324,707,1079
aug_WIN_20260527_20_16_46_Pro_jpg.rf.GM8YCtoejKALeil7pvEs.jpg,1920,1080,fanta2,602,563,1149,827
aug_WIN_20260527_20_17_13_Pro_jpg.rf.JNhXpa88EKiCWV3ZaAcH.jpg,1920,1080,fanta2,938,193,1158,752
WIN_20260527_20_09_03_Pro_jpg.rf.Vcjkv90yzMB7VkxxLp8x.jpg,1920,1080,fanta2,820,130,1125,916
WIN_20260527_20_10_03_Pro_jpg.rf.xugQMzo7jvpGdt5kT29T.jpg,1920,1080,fanta2,1438,110,1745,883
WIN_20260527_20_08_56_Pro_jpg.rf.WYt8EWlYpw80FJmkQnUs.jpg,1920,1080,fanta2,810,137,1105,896
WIN_20260527_20_28_39_Pro_jpg.rf.E5yoZesVUhRTfW7WvQcx.jpg,1920,1080,fanta2,617,893,761,954
WIN_20260527_20_28_39_Pro_jpg.rf.E5yoZesVUhRTfW7WvQcx.jpg,1920,1080,fanta2,595,792,759,895
WIN_20260527_20_28_39_Pro_jpg.rf.E5yoZesVUhRTfW7WvQcx.jpg,1920,1080,fanta2,570,366,795,801
aug_WIN_20260527_20_18_19_Pro_jpg.rf.LJF8zZq70UwYf1XURDsv.jpg,1920,1080,fanta2,915,181,1170,818
aug_WIN_20260527_20_17_03_Pro_jpg.rf.O4K6ypD9BUkjMnYb3nSC.jpg,1920,1080,fanta2,930,553,1474,815
WIN_20260527_20_09_32_Pro_jpg.rf.Llu9m3YkrmYTcROpnHlj.jpg,1920,1080,fanta2,118,198,437,911
WIN_20260527_20_09_17_Pro_jpg.rf.YPQdeom30o5qVNTu1Jhw.jpg,1920,1080,fanta2,118,192,438,926
WIN_20260527_20_28_50_Pro_jpg.rf.KlwQvU10soyXCwde6zgx.jpg,1920,1080,fanta2,610,303,961,1079
WIN_20260527_20_22_44_Pro_jpg.rf.za0ND0iwp1pgJwM7TMuj.jpg,1920,1080,fanta2,1029,256,1322,895
WIN_20260527_20_28_11_Pro_jpg.rf.JldfFWmBe7INNufIQbOu.jpg,1920,1080,fanta2,974,803,1144,921
WIN_20260527_20_28_11_Pro_jpg.rf.JldfFWmBe7INNufIQbOu.jpg,1920,1080,fanta2,915,328,1146,828
aug_WIN_20260527_20_16_54_Pro_jpg.rf.B7w6RBJtTMTqnuM6h053.jpg,1920,1080,fanta2,770,571,1065,887
aug_WIN_20260527_20_16_14_Pro_jpg.rf.WLswpDv38oUZWB6WxOxg.jpg,1920,1080,fanta2,1619,118,1891,780
WIN_20260527_20_09_23_Pro_jpg.rf.YXCC0W6HeGAvQpMGOrGT.jpg,1920,1080,fanta2,123,198,444,914
WIN_20260527_20_09_25_Pro_jpg.rf.Wb1LODOt4WfoW2oLTfAP.jpg,1920,1080,fanta2,101,198,423,919
WIN_20260527_20_09_37_Pro_jpg.rf.BCn0jauzbYWJRdsqNY2Y.jpg,1920,1080,fanta2,120,193,488,930
WIN_20260527_20_08_42_Pro_jpg.rf.enfXKFt5jk8xdEiIGBAX.jpg,1920,1080,fanta2,815,151,1087,839
WIN_20260527_20_28_35_Pro_jpg.rf.RzUHQTqkpKEUTdXEu8TE.jpg,1920,1080,fanta2,781,899,868,976
WIN_20260527_20_28_35_Pro_jpg.rf.RzUHQTqkpKEUTdXEu8TE.jpg,1920,1080,fanta2,749,731,891,803
WIN_20260527_20_28_35_Pro_jpg.rf.RzUHQTqkpKEUTdXEu8TE.jpg,1920,1080,fanta2,564,882,764,974
WIN_20260527_20_28_35_Pro_jpg.rf.RzUHQTqkpKEUTdXEu8TE.jpg,1920,1080,fanta2,359,735,708,876
WIN_20260527_20_28_35_Pro_jpg.rf.RzUHQTqkpKEUTdXEu8TE.jpg,1920,1080,fanta2,395,777,747,937
WIN_20260527_20_27_37_Pro_jpg.rf.MDZJyyv9E56PvQ1HlLpL.jpg,1920,1080,fanta2,1191,306,1430,776
WIN_20260527_20_08_40_Pro_jpg.rf.YbnHSuZnlDcIYty4E5vc.jpg,1920,1080,fanta2,809,155,1073,831
WIN_20260527_20_29_04_Pro_jpg.rf.SnL7Qzp7wj1OoFr7ZIST.jpg,1920,1080,fanta2,732,823,953,966
WIN_20260527_20_29_04_Pro_jpg.rf.SnL7Qzp7wj1OoFr7ZIST.jpg,1920,1080,fanta2,702,346,940,792
WIN_20260527_20_29_09_Pro_jpg.rf.U3YjZSWugJpTG8pycXRq.jpg,1920,1080,fanta2,763,796,987,934
WIN_20260527_20_29_09_Pro_jpg.rf.U3YjZSWugJpTG8pycXRq.jpg,1920,1080,fanta2,736,342,975,775
WIN_20260527_20_28_48_Pro_jpg.rf.U2IZYphwGRs3ppAU0yg5.jpg,1920,1080,fanta2,470,300,853,1079
WIN_20260527_20_28_59_Pro_jpg.rf.V2oto04codEr4OGMyvwD.jpg,1920,1080,fanta2,694,783,905,931
WIN_20260527_20_28_59_Pro_jpg.rf.V2oto04codEr4OGMyvwD.jpg,1920,1080,fanta2,667,355,895,772
WIN_20260527_20_28_22_Pro_jpg.rf.W5mYP8QLE8PAXsU8WxQq.jpg,1920,1080,fanta2,796,872,990,1079
WIN_20260527_20_28_22_Pro_jpg.rf.W5mYP8QLE8PAXsU8WxQq.jpg,1920,1080,fanta2,787,284,1141,1079
aug_WIN_20260527_20_18_23_Pro_jpg.rf.LytRvuk5URjDaYB24FXq.jpg,1920,1080,fanta2,916,180,1171,824
aug_WIN_20260527_20_16_31_Pro_jpg.rf.ZUcyZu6oryWjpFgYsV67.jpg,1920,1080,fanta2,1582,128,1851,773
aug_WIN_20260527_20_17_55_Pro_jpg.rf.WjTiAB2C8s5Zcmah5HeG.jpg,1920,1080,fanta2,911,179,1169,776
aug_WIN_20260527_20_17_08_Pro_jpg.rf.c7sOZvfmQGSs7ErfebWC.jpg,1920,1080,fanta2,863,526,1419,769
WIN_20260527_20_09_21_Pro_jpg.rf.ebqkeFD6JUuSVtJxxq5Y.jpg,1920,1080,fanta2,113,194,437,928
WIN_20260527_20_09_12_Pro_jpg.rf.fNZKsNEVQ7HDg14QZNZ5.jpg,1920,1080,fanta2,109,192,432,930
WIN_20260527_20_09_01_Pro_jpg.rf.PHh7w0Dg72U0q4cKVQrm.jpg,1920,1080,fanta2,811,133,1112,910
WIN_20260527_20_08_52_Pro_jpg.rf.jGWgVsDtz3yTU4fhoqJf.jpg,1920,1080,fanta2,800,138,1090,890
WIN_20260527_20_09_27_Pro_jpg.rf.e3rpg1DgzX3bw9bvUYiv.jpg,1920,1080,fanta2,110,197,430,911
WIN_20260527_20_09_14_Pro_jpg.rf.km9MbD331bY6XWBir8dp.jpg,1920,1080,fanta2,111,191,435,927
WIN_20260527_20_28_09_Pro_jpg.rf.Rfx0X9NHKhorDKgUylpS.jpg,1920,1080,fanta2,763,748,879,826
WIN_20260527_20_28_09_Pro_jpg.rf.Rfx0X9NHKhorDKgUylpS.jpg,1920,1080,fanta2,835,717,967,796
WIN_20260527_20_28_09_Pro_jpg.rf.Rfx0X9NHKhorDKgUylpS.jpg,1920,1080,fanta2,774,858,909,924
WIN_20260527_20_28_09_Pro_jpg.rf.Rfx0X9NHKhorDKgUylpS.jpg,1920,1080,fanta2,743,354,960,713
WIN_20260527_20_28_30_Pro_jpg.rf.bFZjiGp9xumyxjXmnCni.jpg,1920,1080,fanta2,823,291,1163,1079
WIN_20260527_20_28_30_Pro_jpg.rf.bFZjiGp9xumyxjXmnCni.jpg,1920,1080,fanta2,841,862,1039,1079
WIN_20260527_20_29_15_Pro_jpg.rf.XMFmWyL9C24vhsxARe7O.jpg,1920,1080,fanta2,1050,280,1377,1079
aug_WIN_20260527_20_17_30_Pro_jpg.rf.dF1cACr4j2SGGCvJABdw.jpg,1920,1080,fanta2,804,192,1068,831
aug_WIN_20260527_20_17_01_Pro_jpg.rf.cY1Ra23TFCgapIH0Wx6U.jpg,1920,1080,fanta2,962,557,1401,852
aug_WIN_20260527_20_16_17_Pro_jpg.rf.fEc5xzDYemoGw5XDRbQx.jpg,1920,1080,fanta2,1618,116,1919,783
aug_WIN_20260527_20_17_33_Pro_jpg.rf.cbsocqUY1pzXvAdrpOmj.jpg,1920,1080,fanta2,840,185,1105,837
WIN_20260527_20_08_45_Pro_jpg.rf.g2cGYRCdlGqRbEV0WoWX.jpg,1920,1080,fanta2,819,149,1090,845
WIN_20260527_20_08_38_Pro_jpg.rf.r93CqgnLvRR7QDuwlgbq.jpg,1920,1080,fanta2,795,157,1098,856
WIN_20260527_20_28_54_Pro_jpg.rf.k8J764z3iRQk2PqMA9i0.jpg,1920,1080,fanta2,716,787,910,951
WIN_20260527_20_28_54_Pro_jpg.rf.k8J764z3iRQk2PqMA9i0.jpg,1920,1080,fanta2,666,356,883,886
WIN_20260527_20_27_54_Pro_jpg.rf.RoNOIRzGP52PZLbXkBIt.jpg,1920,1080,fanta2,883,331,1105,901
aug_WIN_20260527_20_17_28_Pro_jpg.rf.dq6m0jmkuJCOOCm2XN6H.jpg,1920,1080,fanta2,805,192,1067,834
WIN_20260527_20_09_10_Pro_jpg.rf.wzfeYV4UzDue6muFIB6U.jpg,1920,1080,fanta2,93,195,420,927
WIN_20260527_20_09_34_Pro_jpg.rf.lDdt3OUA5HJUfXOecoBQ.jpg,1920,1080,fanta2,106,198,424,917
WIN_20260527_20_29_17_Pro_jpg.rf.bxwlyDppPe13T6ueYvOi.jpg,1920,1080,fanta2,1221,271,1541,1079
aug_WIN_20260527_20_16_30_Pro_jpg.rf.ghczgY2tfV2onhRQP28k.jpg,1920,1080,fanta2,1583,125,1852,776
WIN_20260527_20_28_13_Pro_jpg.rf.kdrx48kwhsLeFC63RTmQ.jpg,1920,1080,fanta2,1029,819,1173,932
WIN_20260527_20_28_13_Pro_jpg.rf.kdrx48kwhsLeFC63RTmQ.jpg,1920,1080,fanta2,935,318,1176,828
aug_WIN_20260527_20_16_22_Pro_jpg.rf.hQc3T1F8yL2tRpmgUrem.jpg,1920,1080,fanta2,1600,121,1877,786
WIN_20260527_20_09_19_Pro_jpg.rf.zTuXstpvOxNgEMtyuo0U.jpg,1920,1080,fanta2,123,193,444,917
WIN_20260527_20_08_54_Pro_jpg.rf.kwP2Axw2NBdAyWqSLRUD.jpg,1920,1080,fanta2,821,134,1115,893
WIN_20260527_20_29_02_Pro_jpg.rf.YWezIoQoNJuIVqr2vCkY.jpg,1920,1080,fanta2,693,821,907,945
WIN_20260527_20_29_02_Pro_jpg.rf.YWezIoQoNJuIVqr2vCkY.jpg,1920,1080,fanta2,666,354,895,784
WIN_20260527_20_28_25_Pro_jpg.rf.ltWn0nghWqlEXL3geRtQ.jpg,1920,1080,fanta2,861,885,987,1079
WIN_20260527_20_28_25_Pro_jpg.rf.ltWn0nghWqlEXL3geRtQ.jpg,1920,1080,fanta2,836,286,1181,1079
aug_WIN_20260527_20_18_16_Pro_jpg.rf.qEY2gL0cqyI73Vc273WD.jpg,1920,1080,fanta2,913,179,1170,817
aug_WIN_20260527_20_18_29_Pro_jpg.rf.sRjnRPWQsXH7xKyXcEGh.jpg,1920,1080,fanta2,924,177,1178,820
aug_WIN_20260527_20_15_52_Pro_jpg.rf.66jTTk8y9yN0CbecbEeo.jpg,1920,1080,fanta2,438,208,744,925
WIN_20260527_20_28_05_Pro_jpg.rf.mvVHjb1Hao6CdkFFI9CV.jpg,1920,1080,fanta2,766,704,976,913
WIN_20260527_20_28_05_Pro_jpg.rf.mvVHjb1Hao6CdkFFI9CV.jpg,1920,1080,fanta2,741,350,952,752
WIN_20260527_20_27_45_Pro_jpg.rf.o867zAxSZN7QazGyKnVO.jpg,1920,1080,fanta2,1435,284,1704,955
aug_WIN_20260527_20_16_37_Pro_jpg.rf.mPBLwdvWg3ZrrkqgiaSq.jpg,1920,1080,fanta2,1558,132,1814,763
aug_WIN_20260527_20_16_12_Pro_jpg.rf.0XNPHCXTLp3mukJFapDJ.jpg,1920,1080,fanta2,1627,120,1897,781
WIN_20260527_20_27_33_Pro_jpg.rf.iBRIy8Q6ss7bIQqSQRRA.jpg,1920,1080,fanta2,279,365,545,989
WIN_20260527_20_09_06_Pro_jpg.rf.jXw1qAvmw2DTkiZ0l4fO.jpg,1920,1080,fanta2,796,136,1093,897
aug_WIN_20260527_20_18_40_Pro_jpg.rf.spQVEraZ4ySE0FYzbXtP.jpg,1920,1080,fanta2,913,181,1168,805
WIN_20260527_20_27_40_Pro_jpg.rf.sJDOuFCqNh8Ya7vhXwav.jpg,1920,1080,fanta2,1294,301,1539,784
WIN_20260527_20_35_03_Pro_jpg.rf.2LoWB73oEvxoD4xzHMRx.jpg,1920,1080,fanta2,748,308,1068,1079
aug_WIN_20260527_20_24_17_Pro_jpg.rf.UxA0KVfuhkSHjysT3RK0.jpg,1920,1080,fanta2,0,341,283,1066
aug_WIN_20260527_20_17_46_Pro_jpg.rf.tFuYXDULANnI4uLK1Vou.jpg,1920,1080,fanta2,919,179,1170,818
aug_WIN_20260527_20_16_40_Pro_jpg.rf.5QbDNQ8lq9x9qlNCHiE7.jpg,1920,1080,fanta2,1552,133,1809,759
WIN_20260527_20_27_42_Pro_jpg.rf.k1iwIL4MB2rcRfy5urnZ.jpg,1920,1080,fanta2,1295,301,1537,786
aug_WIN_20260527_20_21_55_Pro_jpg.rf.XujAFmgxhTo9AajmwU30.jpg,1920,1080,fanta2,840,595,1399,849
aug_WIN_20260527_20_18_25_Pro_jpg.rf.wQs3f5Jf9vZBruiT6x5q.jpg,1920,1080,fanta2,922,178,1177,821
WIN_20260527_20_08_50_Pro_jpg.rf.juIQwklDX7408BggMJcu.jpg,1920,1080,fanta2,799,138,1091,888
aug_WIN_20260527_20_23_40_Pro_jpg.rf.VnPSca3bPk5MNlW4OZ2a.jpg,1920,1080,fanta2,887,319,1103,926
WIN_20260527_20_36_34_Pro_jpg.rf.2hJqVrMuLjCFJwM4vpyO.jpg,1920,1080,fanta2,968,308,1222,958
WIN_20260527_20_35_30_Pro_jpg.rf.B8pdYnlZVMO9TnN0nhxE.jpg,1920,1080,fanta2,147,347,513,1079
aug_WIN_20260527_20_15_19_Pro_jpg.rf.9BJviJNUYpU6eDpEdn0v.jpg,1920,1080,fanta2,798,160,1096,898
aug_WIN_20260527_20_15_04_Pro_jpg.rf.4EM0lC7EQ9EyxnJ77rZt.jpg,1920,1080,fanta2,839,153,1130,888
WIN_20260527_20_29_08_Pro_jpg.rf.rp52Zard2BIKaPSxQrEu.jpg,1920,1080,fanta2,731,797,953,940
WIN_20260527_20_29_08_Pro_jpg.rf.rp52Zard2BIKaPSxQrEu.jpg,1920,1080,fanta2,702,346,941,764
WIN_20260527_20_35_58_Pro_jpg.rf.DwPkwCfixBa6dq8l226e.jpg,1920,1080,fanta2,876,333,1110,845
aug_WIN_20260527_20_15_13_Pro_jpg.rf.BVgLtrI2sE7sha04cocR.jpg,1920,1080,fanta2,800,156,1099,897
WIN_20260527_20_36_19_Pro_jpg.rf.Da6KnTkqMWv13Z1vT3jQ.jpg,1920,1080,fanta2,4,347,403,1079
WIN_20260527_20_36_06_Pro_jpg.rf.FyxNU7DXjHAvjGaWKz9L.jpg,1920,1080,fanta2,773,346,1012,929
aug_WIN_20260527_20_15_32_Pro_jpg.rf.CODjWWs4OZRk2149yXQ4.jpg,1920,1080,fanta2,841,151,1140,907
aug_WIN_20260527_20_15_08_Pro_jpg.rf.DnmRq9smg2PAmUHroVbW.jpg,1920,1080,fanta2,820,155,1114,892
aug_WIN_20260527_20_24_29_Pro_jpg.rf.XRnmPEkg08ZeX5q2cuNw.jpg,1920,1080,fanta2,1377,679,1908,1020
WIN_20260527_20_35_08_Pro_jpg.rf.EG7SBix0LKQXkNsOogA0.jpg,1920,1080,fanta2,728,354,962,899
aug_WIN_20260527_20_15_48_Pro_jpg.rf.94q1TKI8tgmtSeQUYnvt.jpg,1920,1080,fanta2,389,207,707,940
aug_WIN_20260527_20_15_35_Pro_jpg.rf.NkY5z8GfIKHtMPRQGP9o.jpg,1920,1080,fanta2,837,149,1137,927
aug_WIN_20260527_20_15_30_Pro_jpg.rf.MsjLPGDXLO6fiKP7emyB.jpg,1920,1080,fanta2,816,153,1118,904
aug_WIN_20260527_20_19_14_Pro_jpg.rf.Vw7WDUU7RcTslrzde9Er.jpg,1920,1080,fanta2,827,197,1064,644
WIN_20260527_20_35_53_Pro_jpg.rf.36jBSvM7Ma9is19hDSD8.jpg,1920,1080,fanta2,372,393,588,811
WIN_20260527_20_35_20_Pro_jpg.rf.45h7ZfPtJT6rZ47HDBrB.jpg,1920,1080,fanta2,1320,301,1564,913
aug_WIN_20260527_20_15_56_Pro_jpg.rf.KqVgSM3VC4e02tdzaZey.jpg,1920,1080,fanta2,479,199,788,931
aug_WIN_20260527_20_15_54_Pro_jpg.rf.0Rm12tnBWWlTXb9Gq3LF.jpg,1920,1080,fanta2,448,204,756,925
aug_WIN_20260527_20_20_19_Pro_jpg.rf.eXpSiqd3dyQzeqe8i7kw.jpg,1920,1080,fanta2,792,201,1030,629
WIN_20260527_20_36_16_Pro_jpg.rf.NEg2XusGCmwacbrQ8Q9k.jpg,1920,1080,fanta2,653,349,909,981
aug_WIN_20260527_20_15_11_Pro_jpg.rf.Uv7VkZ3hMgsXNNozH9AX.jpg,1920,1080,fanta2,809,160,1101,894
aug_WIN_20260527_20_19_07_Pro_jpg.rf.YbER9gG7EL0ZKrNUMGCN.jpg,1920,1080,fanta2,830,197,1080,772
aug_WIN_20260527_20_22_08_Pro_jpg.rf.bVn7atZzqcv2C8bj7c6P.jpg,1920,1080,fanta2,870,563,1456,796
WIN_20260527_20_34_58_Pro_jpg.rf.L8pq2Wl6Ms6nGWdCmPXL.jpg,1920,1080,fanta2,711,353,943,921
aug_WIN_20260527_20_16_06_Pro_jpg.rf.Rm8DrMpokEObRhoUM2aO.jpg,1920,1080,fanta2,1629,116,1902,787
aug_WIN_20260527_20_24_58_Pro_jpg.rf.haCUdcg2aG5s0R9asnlx.jpg,1920,1080,fanta2,594,302,909,1079
WIN_20260527_20_35_37_Pro_jpg.rf.0LUE1sklAsuWfdjlPaC0.jpg,1920,1080,fanta2,539,354,810,1015
aug_WIN_20260527_20_16_09_Pro_jpg.rf.NsvgiOsg0qFAfHI6bgsw.jpg,1920,1080,fanta2,1628,116,1903,784
aug_WIN_20260527_20_15_50_Pro_jpg.rf.gHAyfyo6BXKtDcc5Dhqt.jpg,1920,1080,fanta2,427,203,741,929
aug_WIN_20260527_20_24_46_Pro_jpg.rf.eeYHU3skJyUtiYXFJVb8.jpg,1920,1080,fanta2,563,725,1157,1023
WIN_20260527_20_35_55_Pro_jpg.rf.Ql6hrHN1Dg95XhFKPeZ9.jpg,1920,1080,fanta2,876,334,1109,915
aug_WIN_20260527_20_14_55_Pro_jpg.rf.W3Tg6DiJmuQ8UsOsdJtv.jpg,1920,1080,fanta2,872,150,1156,883
aug_WIN_20260527_20_23_53_Pro_jpg.rf.i8DvwzpFP5uU38mOg8Ev.jpg,1920,1080,fanta2,886,319,1104,786
WIN_20260527_20_35_25_Pro_jpg.rf.TaKVa3QM04rA12GloMaM.jpg,1920,1080,fanta2,366,293,773,1079
aug_WIN_20260527_20_16_34_Pro_jpg.rf.hRiIzkG2xtp4wYorXd16.jpg,1920,1080,fanta2,1565,129,1844,770
aug_WIN_20260527_20_19_16_Pro_jpg.rf.ZHdDivTHpaV0rH5oKAo5.jpg,1920,1080,fanta2,822,192,1070,644
WIN_20260527_20_35_23_Pro_jpg.rf.Uf6n4Zr0jtpJc8WQ68Vs.jpg,1920,1080,fanta2,215,284,663,1079
aug_WIN_20260527_20_15_42_Pro_jpg.rf.enHhs8nUmTpDxrja2Wxt.jpg,1920,1080,fanta2,328,205,660,979
aug_WIN_20260527_20_15_44_Pro_jpg.rf.OWcn64FEIzN9yN37bmOC.jpg,1920,1080,fanta2,349,205,675,959
aug_WIN_20260527_20_22_18_Pro_jpg.rf.hcfV7mreY3FjJWB9IXQl.jpg,1920,1080,fanta2,1005,238,1214,793
WIN_20260527_20_35_12_Pro_jpg.rf.fGkmxF6dcizszhYFn1Oa.jpg,1920,1080,fanta2,198,401,438,962
aug_WIN_20260527_20_16_01_Pro_jpg.rf.eeCwn4UepuSStJb14TIX.jpg,1920,1080,fanta2,1633,114,1911,783
aug_WIN_20260527_20_15_58_Pro_jpg.rf.hzZQhWzi6PAb1SgaUhXg.jpg,1920,1080,fanta2,480,199,784,919
aug_WIN_20260527_20_18_48_Pro_jpg.rf.jq6E7Ejsxa58IjToaN31.jpg,1920,1080,fanta2,928,184,1173,800
aug_WIN_20260527_20_22_12_Pro_jpg.rf.kO5kBWRpylYyk8haM4ON.jpg,1920,1080,fanta2,944,575,1520,808
aug_WIN_20260527_20_16_20_Pro_jpg.rf.sHbH8I9tII6iudqdXKTG.jpg,1920,1080,fanta2,1604,121,1873,775
aug_WIN_20260527_20_15_46_Pro_jpg.rf.ou6rLei2NWnTB6TCty9F.jpg,1920,1080,fanta2,358,206,681,960
aug_WIN_20260527_20_24_56_Pro_jpg.rf.jVZb622yAHu5RhtYAdVP.jpg,1920,1080,fanta2,645,320,918,1014
aug_WIN_20260527_20_19_38_Pro_jpg.rf.YyudkQMA86JjvYQE6Omm.jpg,1920,1080,fanta2,819,199,1071,814
WIN_20260527_20_35_10_Pro_jpg.rf.faDndUIXBA1ML75YMeri.jpg,1920,1080,fanta2,200,405,438,957
aug_WIN_20260527_20_15_40_Pro_jpg.rf.whM0PbOcHUX6vKIanM9V.jpg,1920,1080,fanta2,318,203,651,968
aug_WIN_20260527_20_16_04_Pro_jpg.rf.klfpTc06oFRimhnorKNx.jpg,1920,1080,fanta2,1629,117,1904,783
aug_WIN_20260527_20_21_59_Pro_jpg.rf.mnG1mlnmH450CwnVeECM.jpg,1920,1080,fanta2,1005,581,1555,831
aug_WIN_20260527_20_19_54_Pro_jpg.rf.mqt8O3C9zgysisVDSHGQ.jpg,1920,1080,fanta2,810,195,1068,825
WIN_20260527_20_36_14_Pro_jpg.rf.hRum75IDpH6GHaDviuWR.jpg,1920,1080,fanta2,638,337,923,1047
aug_WIN_20260527_20_15_38_Pro_jpg.rf.jFUmC8XKFlvrevYDt6w8.jpg,1920,1080,fanta2,312,203,649,974
aug_WIN_20260527_20_15_26_Pro_jpg.rf.xpnV1tQrOuVFLb9Dtqfm.jpg,1920,1080,fanta2,802,159,1096,905
aug_WIN_20260527_20_19_31_Pro_jpg.rf.mRbWBUnx6LIzU0aKi4Nd.jpg,1920,1080,fanta2,819,198,1070,814
aug_WIN_20260527_20_23_22_Pro_jpg.rf.opm0hF3ZK7yDMPCm4suB.jpg,1920,1080,fanta2,864,429,1113,1079
WIN_20260527_20_35_18_Pro_jpg.rf.l9g2oYTBI87dNNOmhPhh.jpg,1920,1080,fanta2,1299,307,1530,894
WIN_20260527_20_34_50_Pro_jpg.rf.oIO0bDlM7USY3WstvA4D.jpg,1920,1080,fanta2,1043,308,1282,936
aug_WIN_20260527_20_16_25_Pro_jpg.rf.vJKz1UyFPOQhKSC9DDg9.jpg,1920,1080,fanta2,1599,121,1870,781
aug_WIN_20260527_20_19_52_Pro_jpg.rf.qyuVtY2XO61haF7vbrbV.jpg,1920,1080,fanta2,819,199,1071,815
aug_WIN_20260527_20_24_35_Pro_jpg.rf.pRvI0tohRI3gJLAHW2AD.jpg,1920,1080,fanta2,653,340,864,891
WIN_20260527_20_35_32_Pro_jpg.rf.jeKZQI7Vrr659jPXQ7TH.jpg,1920,1080,fanta2,543,353,813,1022
WIN_20260527_20_35_15_Pro_jpg.rf.c9UbuPJ30WbDN98BHhC6.jpg,1920,1080,fanta2,1286,306,1525,907
aug_WIN_20260527_20_18_52_Pro_jpg.rf.t73Cbm9JyU5eJkrvSSD4.jpg,1920,1080,fanta2,898,187,1150,811
aug_WIN_20260527_20_22_02_Pro_jpg.rf.sK6whZDQk6IoHrYwsTcb.jpg,1920,1080,fanta2,869,562,1457,811
WIN_20260527_20_36_12_Pro_jpg.rf.E74aOQhET0YnjVQX9H22.jpg,1920,1080,fanta2,637,338,922,1046
aug_WIN_20260527_20_16_51_Pro_jpg.rf.r57FNEkPKLVHa51qRYlI.jpg,1920,1080,fanta2,658,575,1098,878
aug_WIN_20260527_20_20_13_Pro_jpg.rf.xEHX6RirquAWlwOOJWuv.jpg,1920,1080,fanta2,826,204,929,302
aug_WIN_20260527_20_20_13_Pro_jpg.rf.xEHX6RirquAWlwOOJWuv.jpg,1920,1080,fanta2,799,238,1045,820
WIN_20260527_20_35_42_Pro_jpg.rf.nHQ5QbDCra4VxJ1UEUlh.jpg,1920,1080,fanta2,679,344,937,981
aug_WIN_20260527_20_25_00_Pro_jpg.rf.ljOGJ7VgPqjzTB1jRePW.jpg,1920,1080,fanta2,1189,273,1490,1079
WIN_20260527_20_35_00_Pro_jpg.rf.wfg15NSDRb2k9E3ooST6.jpg,1920,1080,fanta2,451,337,770,1079
aug_WIN_20260527_20_12_21_Pro_jpg.rf.06jCMLFYdHYCJkUjIGnl.jpg,1920,1080,fanta2,137,200,444,902
WIN_20260527_20_36_08_Pro_jpg.rf.qv7sEwJO2NJNb932YBvo.jpg,1920,1080,fanta2,751,349,986,929
WIN_20260527_20_35_27_Pro_jpg.rf.xOXwcJLfw4kfbtK0HyNd.jpg,1920,1080,fanta2,526,301,899,1079
aug_WIN_20260527_20_19_05_Pro_jpg.rf.vroyaKedFRxkGrEZfJ2S.jpg,1920,1080,fanta2,833,196,1086,776
WIN_20260527_20_36_10_Pro_jpg.rf.rUcNTg4F30BSngicg3x9.jpg,1920,1080,fanta2,560,354,829,1015
aug_WIN_20260527_20_24_02_Pro (2)_jpg.rf.xyU1Ks4lmBHTXSvLD5Im.jpg,1920,1080,fanta2,854,321,1068,793
aug_WIN_20260527_20_12_32_Pro_jpg.rf.2mRnCGEViyn2GIQUcdcd.jpg,1920,1080,fanta2,130,200,438,904
WIN_20260527_20_36_00_Pro_jpg.rf.yDi8dfe1u9wVTmk0bxvG.jpg,1920,1080,fanta2,876,333,1109,845
WIN_20260527_20_26_52_Pro_jpg.rf.3uKF6qFAbNRlhevl2ji0.jpg,1920,1080,fanta2,997,306,1238,950
WIN_20260527_20_27_21_Pro_jpg.rf.6g3jbhyWZ6TfXNUx9G6X.jpg,1920,1080,fanta2,92,364,388,1042
aug_WIN_20260527_20_12_44_Pro_jpg.rf.FCcWrnCRHUPWsaMkt1cV.jpg,1920,1080,fanta2,138,200,448,902
aug_WIN_20260527_20_11_33_Pro_jpg.rf.0iuAaIOh4WWJ6JKLezP5.jpg,1920,1080,fanta2,796,130,1103,926
WIN_20260527_20_25_24_Pro_jpg.rf.7Tf81356RZdrnZRmdBck.jpg,1920,1080,fanta2,352,360,581,895
WIN_20260527_20_25_21_Pro_jpg.rf.9pPVLh37dk8zPvqeviTZ.jpg,1920,1080,fanta2,338,362,564,906
aug_WIN_20260527_20_13_00_Pro_jpg.rf.4ivOtXCr3TeZoNx0ntp5.jpg,1920,1080,fanta2,1322,141,1588,826
aug_WIN_20260527_20_11_38_Pro_jpg.rf.GnMWWtn2CDAqidm8ywEK.jpg,1920,1080,fanta2,792,137,1083,915
WIN_20260527_20_25_13_Pro_jpg.rf.8HLm5hjjEusyBWHkuhie.jpg,1920,1080,fanta2,743,327,981,928
aug_WIN_20260527_20_12_06_Pro_jpg.rf.I0QFy1YHqkvykt8aFb6j.jpg,1920,1080,fanta2,119,203,427,894
WIN_20260527_20_26_26_Pro_jpg.rf.CAA9kCNtiwR1MrcXQOhS.jpg,1920,1080,fanta2,453,354,705,972
WIN_20260527_20_25_18_Pro_jpg.rf.HgsN50ISdvsm62EampZy.jpg,1920,1080,fanta2,640,335,870,763
aug_WIN_20260527_20_12_04_Pro_jpg.rf.LzONuRBi7zTsfSBUCH8W.jpg,1920,1080,fanta2,120,199,432,913
aug_WIN_20260527_20_12_48_Pro_jpg.rf.RjUaGKrNuc0Cwf93GcEH.jpg,1920,1080,fanta2,136,203,441,899
WIN_20260527_20_26_37_Pro_jpg.rf.1eUgOaKB5W4rUGORRC8u.jpg,1920,1080,fanta2,453,354,705,971
WIN_20260527_20_25_56_Pro_jpg.rf.KwAPB86Seb60d6z401O2.jpg,1920,1080,fanta2,403,755,1063,1079
aug_WIN_20260527_20_11_41_Pro_jpg.rf.PUWYguk7A7tolo5HQcD1.jpg,1920,1080,fanta2,774,136,1074,913
WIN_20260527_20_27_24_Pro_jpg.rf.Bh30gFaamC6hbf3whdQC.jpg,1920,1080,fanta2,253,362,521,1004
WIN_20260527_20_27_26_Pro_jpg.rf.AgGoiIXNynZTTLXMRSj5.jpg,1920,1080,fanta2,242,368,501,994
aug_WIN_20260527_20_12_10_Pro_jpg.rf.TBWbTFsyTIkhoj6OYw2R.jpg,1920,1080,fanta2,168,201,472,894
aug_WIN_20260527_20_12_27_Pro_jpg.rf.Q9t7hgZMybcwSMlHkTQO.jpg,1920,1080,fanta2,139,200,448,904
WIN_20260527_20_26_06_Pro_jpg.rf.SBoaxYgBKtK3Pdx25PWL.jpg,1920,1080,fanta2,455,688,1070,1014
WIN_20260527_20_26_05_Pro_jpg.rf.T2oIC7SQ3UNJJMSMYDdA.jpg,1920,1080,fanta2,455,688,1070,1014
aug_WIN_20260527_20_12_08_Pro_jpg.rf.SF879aUHQ0nKjOQec9Tr.jpg,1920,1080,fanta2,155,200,459,899
aug_WIN_20260527_20_11_57_Pro_jpg.rf.Xs2m35DOr3Bchm2qFWR5.jpg,1920,1080,fanta2,772,140,1068,905
aug_WIN_20260527_20_12_13_Pro_jpg.rf.U7EGB3uhvnjd1ExX2wbu.jpg,1920,1080,fanta2,183,200,483,890
aug_WIN_20260527_20_11_51_Pro_jpg.rf.Vp7pMIMORLAXZjPmzFbt.jpg,1920,1080,fanta2,772,139,1067,906
aug_WIN_20260527_20_11_55_Pro_jpg.rf.TP3iSO0p2yOk765oddvM.jpg,1920,1080,fanta2,776,141,1067,897
WIN_20260527_20_27_15_Pro_jpg.rf.T91RhCWSZZEdKq9oNBl9.jpg,1920,1080,fanta2,567,350,810,946
WIN_20260527_20_27_13_Pro_jpg.rf.TMJw2dBagztUBor0Pbrq.jpg,1920,1080,fanta2,633,344,872,941
WIN_20260527_20_26_45_Pro_jpg.rf.ata5kr6X7gwICTN66Exw.jpg,1920,1080,fanta2,452,353,705,972
WIN_20260527_20_26_49_Pro_jpg.rf.fZaf1iHCMd70AjiaCmQV.jpg,1920,1080,fanta2,453,353,705,971
WIN_20260527_20_25_16_Pro_jpg.rf.VhUp3R6JWzrOGHDfQU4G.jpg,1920,1080,fanta2,641,335,881,939
WIN_20260527_20_26_54_Pro_jpg.rf.iexO6z1L76JiO6u8e9eA.jpg,1920,1080,fanta2,1065,303,1306,959
aug_WIN_20260527_20_12_17_Pro_jpg.rf.YE5uZD15NvzMBQUHrad3.jpg,1920,1080,fanta2,161,199,466,897
aug_WIN_20260527_20_11_43_Pro_jpg.rf.bJ9hLyw5o4jUnOt2SZTv.jpg,1920,1080,fanta2,783,133,1083,922
WIN_20260527_20_26_56_Pro_jpg.rf.TdANhVPV98H8V9ovz3RE.jpg,1920,1080,fanta2,1093,306,1330,941
WIN_20260527_20_24_56_Pro_jpg.rf.hkhUkMxaQ0CVwPqSNGQe.jpg,1920,1080,fanta2,645,320,917,1013
aug_WIN_20260527_20_12_01_Pro_jpg.rf.gJgeSc85CrrESdUqhtKz.jpg,1920,1080,fanta2,140,203,443,897
WIN_20260527_20_27_04_Pro_jpg.rf.LRUxZQzNvSdgEvXJrVUA.jpg,1920,1080,fanta2,1096,305,1331,945
aug_WIN_20260527_20_11_31_Pro_jpg.rf.kGMJ1EVjAohQhCuJV6M7.jpg,1920,1080,fanta2,814,128,1108,931
WIN_20260527_20_27_28_Pro_jpg.rf.k4rHfn6KTK88lnOmF74u.jpg,1920,1080,fanta2,276,363,537,991
WIN_20260527_20_26_33_Pro_jpg.rf.LRv5afWziNGyhzQUILdc.jpg,1920,1080,fanta2,453,354,705,971
aug_WIN_20260527_20_11_20_Pro_jpg.rf.ldNHPwFU6dpCoEw7mX40.jpg,1920,1080,fanta2,802,140,1080,880
WIN_20260527_20_25_07_Pro_jpg.rf.kV2c3wICPC96nGq3S7Wn.jpg,1920,1080,fanta2,1109,297,1354,831
WIN_20260527_20_26_11_Pro_jpg.rf.vTSA6XciIIjho5pAPc95.jpg,1920,1080,fanta2,459,690,1072,1014
aug_WIN_20260527_20_18_50_Pro_jpg.rf.xckPrdZJYUg6QLYVb2ik.jpg,1920,1080,fanta2,927,183,1175,806
WIN_20260527_20_25_04_Pro_jpg.rf.nzWyLiQBpqhh2SVZDiSf.jpg,1920,1080,fanta2,1109,298,1357,973
WIN_20260527_20_26_02_Pro_jpg.rf.o15BNkGXNi74b4pFcVtt.jpg,1920,1080,fanta2,455,688,1070,1014
aug_WIN_20260527_20_11_46_Pro_jpg.rf.dvfbXwDbJHrYq7yN4HpK.jpg,1920,1080,fanta2,790,136,1087,906
aug_WIN_20260527_20_12_40_Pro_jpg.rf.mDT8jER3Q95eccTYRked.jpg,1920,1080,fanta2,127,203,431,898
WIN_20260527_20_27_18_Pro_jpg.rf.ltITUT9UMcYuRuqumSHD.jpg,1920,1080,fanta2,0,374,308,1011
aug_WIN_20260527_20_12_30_Pro_jpg.rf.oX6xqdoxduPeAJczFRCU.jpg,1920,1080,fanta2,136,202,441,908
WIN_20260527_20_33_14_Pro_jpg.rf.9SjM4yBKjEGESf1NC9Fd.jpg,1920,1080,fanta2,220,391,466,963
aug_WIN_20260527_20_11_49_Pro_jpg.rf.wAezIi0g3Rj5EglfQIcX.jpg,1920,1080,fanta2,776,137,1071,907
WIN_20260527_20_32_50_Pro_jpg.rf.BpnuVaPSiwJATmnjzKeL.jpg,1920,1080,fanta2,652,337,925,993
WIN_20260527_20_33_59_Pro_jpg.rf.EbcyOUnSTA8Lq0V8PBmY.jpg,1920,1080,fanta2,408,707,887,919
aug_WIN_20260527_20_11_29_Pro_jpg.rf.y1ssWPB0BkkQ1yXZNyuS.jpg,1920,1080,fanta2,798,129,1098,941
WIN_20260527_20_34_48_Pro_jpg.rf.EDzgpg9Lwf23xtbfnGSJ.jpg,1920,1080,fanta2,757,345,998,937
aug_WIN_20260527_20_11_24_Pro_jpg.rf.waWaMBSDjiVscNbdyz4J.jpg,1920,1080,fanta2,780,137,1077,907
WIN_20260527_20_31_36_Pro_jpg.rf.1hQ0yS6CSPISTK58k7KA.jpg,1920,1080,fanta2,1210,290,1478,986
aug_WIN_20260527_20_08_36_Pro_jpg.rf.1TrqB21VBXn6s0FSO7d8.jpg,1920,1080,fanta2,792,164,1048,813
aug_WIN_20260527_20_08_36_Pro_jpg.rf.1TrqB21VBXn6s0FSO7d8.jpg,1920,1080,fanta2,0,679,1919,1079
WIN_20260527_20_33_08_Pro_jpg.rf.FedQXyYcwjxxlx4iJnQC.jpg,1920,1080,fanta2,147,388,414,1004
WIN_20260527_20_39_23_Pro_jpg.rf.5izosAfMQJkyPuGMwtx6.jpg,1920,1080,fanta2,569,358,825,983
WIN_20260527_20_39_46_Pro_jpg.rf.8FQOUwyrzMbo7LcRxrLs.jpg,1920,1080,fanta2,580,369,813,933
WIN_20260527_20_32_59_Pro_jpg.rf.3uaTiWeuLldKZa3FPV89.jpg,1920,1080,fanta2,656,339,925,1011
aug_WIN_20260527_20_12_25_Pro_jpg.rf.9esc1YUG3Vj4gIzFbV3T.jpg,1920,1080,fanta2,144,199,452,901
WIN_20260527_20_35_02_Pro_jpg.rf.JXdeMH2MWkk62Y0RSFTH.jpg,1920,1080,fanta2,709,299,1057,1079
WIN_20260527_20_39_21_Pro_jpg.rf.8UM3a6aooNOjj2J0W1iI.jpg,1920,1080,fanta2,591,359,838,966
WIN_20260527_20_32_32_Pro_jpg.rf.NSwN6MdJs8Wdv4eCAifw.jpg,1920,1080,fanta2,596,876,929,1079
WIN_20260527_20_32_32_Pro_jpg.rf.NSwN6MdJs8Wdv4eCAifw.jpg,1920,1080,fanta2,651,339,922,940
aug_WIN_20260527_20_12_36_Pro_jpg.rf.Y2HswtmFlfcTi0Ht9jvW.jpg,1920,1080,fanta2,128,200,437,902
WIN_20260527_20_34_54_Pro_jpg.rf.NQHedde6wmDFQa7yrS25.jpg,1920,1080,fanta2,938,319,1169,921
WIN_20260527_20_39_39_Pro_jpg.rf.7PjQiiQZjq4YvnvSTlCp.jpg,1920,1080,fanta2,594,361,840,965
WIN_20260527_20_32_23_Pro_jpg.rf.Mu3hYU2G4QRjRLI39BJj.jpg,1920,1080,fanta2,652,338,923,1013
WIN_20260527_20_38_49_Pro_jpg.rf.BL6gsKvfrCzR1S2GObYw.jpg,1920,1080,fanta2,51,401,325,1018
WIN_20260527_20_33_05_Pro_jpg.rf.Y8NUPhhGrx0OTCm3Yjwm.jpg,1920,1080,fanta2,657,338,920,997
WIN_20260527_20_38_51_Pro_jpg.rf.B3YWh1lu5hk7vmayjxkP.jpg,1920,1080,fanta2,154,392,421,1012
WIN_20260527_20_32_06_Pro_jpg.rf.WCZO4SH4pRr9vRWiLEQp.jpg,1920,1080,fanta2,656,340,918,989
WIN_20260527_20_39_50_Pro_jpg.rf.7UBYMbekXpLcFY4LlSdo.jpg,1920,1080,fanta2,550,376,774,928
WIN_20260527_20_39_16_Pro_jpg.rf.BQV6SZOrsSenE19iQUAN.jpg,1920,1080,fanta2,1211,273,1525,1079
WIN_20260527_20_32_36_Pro_jpg.rf.PkJkhuWjDQCPoR9Nppjl.jpg,1920,1080,fanta2,651,338,923,1003
WIN_20260527_20_34_01_Pro_jpg.rf.cbrrgkbV3fpQVKZpqM3p.jpg,1920,1080,fanta2,409,706,887,927
aug_WIN_20260527_20_08_32_Pro_jpg.rf.LxrhN5ZeYlLdtEO7z9Rz.jpg,1920,1080,fanta2,790,165,1043,806
WIN_20260527_20_33_52_Pro_jpg.rf.f9wAm4Tx1S1hzwPYjC6H.jpg,1920,1080,fanta2,855,652,1368,897
aug_WIN_20260527_20_08_38_Pro_jpg.rf.AK9kA7kTOUGYOBljHM3q.jpg,1920,1080,fanta2,799,159,1060,825
WIN_20260527_20_39_11_Pro_jpg.rf.Gssi8bBTp0uddvc9CjYa.jpg,1920,1080,fanta2,856,296,1175,1079
WIN_20260527_20_39_30_Pro_jpg.rf.MEI6WSagQb3buLoPvXzG.jpg,1920,1080,fanta2,587,359,840,977
WIN_20260527_20_34_04_Pro_jpg.rf.ch3lknbO9nPayR9MdkDP.jpg,1920,1080,fanta2,488,348,768,1046
WIN_20260527_20_33_02_Pro_jpg.rf.qOTGlTBlhqoW6sbNJsA9.jpg,1920,1080,fanta2,656,338,925,982
WIN_20260527_20_39_14_Pro_jpg.rf.HiW8D5I42wUU4dC7k5UB.jpg,1920,1080,fanta2,1073,268,1421,1079
WIN_20260527_20_31_32_Pro_jpg.rf.fUriWy9Ef0N7MlZcA9Gq.jpg,1920,1080,fanta2,1356,271,1656,1028
WIN_20260527_20_38_30_Pro_jpg.rf.TkYv8HMkzkEpyp6bK5X6.jpg,1920,1080,fanta2,915,324,1156,931
WIN_20260527_20_32_17_Pro_jpg.rf.rJ0CBaDb2iH3MV5GY6ys.jpg,1920,1080,fanta2,463,342,762,1079
WIN_20260527_20_39_09_Pro_jpg.rf.NaqeiA3G2H73GZY7cO26.jpg,1920,1080,fanta2,1241,290,1507,973
WIN_20260527_20_33_48_Pro_jpg.rf.vAMFVtLBJGrCjiv3IHjO.jpg,1920,1080,fanta2,768,354,961,882
WIN_20260527_20_39_41_Pro_jpg.rf.VOkbQ1VlZD4roQUdPznw.jpg,1920,1080,fanta2,609,360,852,965
WIN_20260527_20_32_09_Pro_jpg.rf.evRPtNTqKMtx9r9CH6Hu.jpg,1920,1080,fanta2,656,340,919,989
WIN_20260527_20_31_25_Pro_jpg.rf.h9EH5yQPpG68KajK5GVC.jpg,1920,1080,fanta2,589,338,869,1051
aug_WIN_20260527_20_08_47_Pro_jpg.rf.WfdSbGhPOVWEWgmspvXT.jpg,1920,1080,fanta2,819,144,1096,856
WIN_20260527_20_38_24_Pro_jpg.rf.wQx6QLlMZvMhGo8zCIKm.jpg,1920,1080,fanta2,735,300,1076,1079
WIN_20260527_20_34_52_Pro_jpg.rf.cCUaSa5ibP77RNUN0f2e.jpg,1920,1080,fanta2,937,319,1178,929
aug_WIN_20260527_20_08_42_Pro_jpg.rf.i2dZxrYhJT0GZlBZ24X9.jpg,1920,1080,fanta2,815,149,1087,839
WIN_20260527_20_32_41_Pro_jpg.rf.vHc5PnBPHPiBe0KpR6XE.jpg,1920,1080,fanta2,654,338,922,998
WIN_20260527_20_33_11_Pro_jpg.rf.sPiCKeBWeqFQw1JwAPkl.jpg,1920,1080,fanta2,1272,296,1519,930
WIN_20260527_20_39_02_Pro_jpg.rf.gPAVWngEcuvyq13OAJUL.jpg,1920,1080,fanta2,1197,292,1457,965
WIN_20260527_20_38_46_Pro_jpg.rf.azw6jLSfPO61KUF5oTx5.jpg,1920,1080,fanta2,52,406,324,1016
WIN_20260527_20_32_13_Pro_jpg.rf.iVLanXtwQISiCQ54CJt9.jpg,1920,1080,fanta2,598,356,845,965
WIN_20260527_20_38_20_Pro_jpg.rf.zNbpIZACLvR0Dy3a38VL.jpg,1920,1080,fanta2,591,339,884,1065
WIN_20260527_20_32_28_Pro_jpg.rf.uVps3AnjGIrLCbumPAJo.jpg,1920,1080,fanta2,652,339,923,940
WIN_20260527_20_31_27_Pro_jpg.rf.wJNyNeDjXWXlvaNFejbd.jpg,1920,1080,fanta2,589,338,869,1050
WIN_20260527_20_11_43_Pro_jpg.rf.0euhvn5qALkQFfJNFNpQ.jpg,1920,1080,fanta2,784,135,1083,921
WIN_20260527_20_27_09_Pro_jpg.rf.xNzlx2RJbR5eYETWpY58.jpg,1920,1080,fanta2,631,344,872,940
WIN_20260527_20_38_59_Pro_jpg.rf.rbnopMnKAn6eGCX3SzQh.jpg,1920,1080,fanta2,1165,287,1437,998
WIN_20260527_20_39_19_Pro_jpg.rf.dbBthhwkPCOdLGwrgPo5.jpg,1920,1080,fanta2,601,369,830,928
WIN_20260527_20_29_23_Pro_jpg.rf.46KIegXXsKOWqbjrog6e.jpg,1920,1080,fanta2,1436,294,1696,942
WIN_20260527_20_38_43_Pro_jpg.rf.fACBdpupK1ZFV8pNbjvK.jpg,1920,1080,fanta2,54,402,325,1016
WIN_20260527_20_29_54_Pro_jpg.rf.8LFlk8cArlulUtyR46Ex.jpg,1920,1080,fanta2,567,365,805,958
WIN_20260527_20_30_19_Pro_jpg.rf.3073dLGHAkDPnqOoNDjW.jpg,1920,1080,fanta2,941,321,1177,921
WIN_20260527_20_38_38_Pro_jpg.rf.tVISe0EJk3rWOlyxVhgT.jpg,1920,1080,fanta2,107,413,348,935
WIN_20260527_20_30_31_Pro_jpg.rf.5lwIahCIlARaPgaG3aAa.jpg,1920,1080,fanta2,654,318,960,1079
WIN_20260527_20_39_07_Pro_jpg.rf.jUEXWX8VvOF87MUsQgLy.jpg,1920,1080,fanta2,1177,287,1450,987
WIN_20260527_20_29_45_Pro_jpg.rf.DeZzz43ICXPHJ2Phfx6G.jpg,1920,1080,fanta2,235,369,529,1066
WIN_20260527_20_38_41_Pro_jpg.rf.QOh8eu4Aj9w320YzW697.jpg,1920,1080,fanta2,0,406,271,1016
WIN_20260527_20_29_20_Pro_jpg.rf.9erAv6qhNDAX1yBKo7n3.jpg,1920,1080,fanta2,1397,263,1713,1063
WIN_20260527_20_11_24_Pro_jpg.rf.1qZik3gCHjMZ9hviMB0W.jpg,1920,1080,fanta2,778,138,1077,907
WIN_20260527_20_31_21_Pro_jpg.rf.C9wU3Z7voo0PtlqxVVMO.jpg,1920,1080,fanta2,571,332,865,1079
WIN_20260527_20_12_01_Pro_jpg.rf.3QyCFiYssqowwONntBSS.jpg,1920,1080,fanta2,139,202,443,899
WIN_20260527_20_30_02_Pro_jpg.rf.NdUgM7FS2er2LBHfPUM0.jpg,1920,1080,fanta2,940,307,1208,1009
WIN_20260527_20_11_49_Pro_jpg.rf.9hfbfGHk0C1T3leueBWF.jpg,1920,1080,fanta2,777,138,1071,907
WIN_20260527_20_29_38_Pro_jpg.rf.TUZozy5NcyqZmAKp4L8s.jpg,1920,1080,fanta2,116,383,405,1054
WIN_20260527_20_12_21_Pro_jpg.rf.2hkmBzjfEBmly383U5Tp.jpg,1920,1080,fanta2,137,200,444,901
WIN_20260527_20_39_05_Pro_jpg.rf.zPjHfzGwgfuoa5Or0SNg.jpg,1920,1080,fanta2,1112,297,1368,966
WIN_20260527_20_31_00_Pro_jpg.rf.WUfTPo3jKEzxhXseRH2w.jpg,1920,1080,fanta2,579,331,875,1076
WIN_20260527_20_29_47_Pro_jpg.rf.YnaWokIE8ZttzupiNeCF.jpg,1920,1080,fanta2,651,339,924,1017
WIN_20260527_20_30_53_Pro_jpg.rf.QYw4hLXya1uAh9DAVu4f.jpg,1920,1080,fanta2,713,658,1236,929
WIN_20260527_20_11_27_Pro_jpg.rf.0cLDV6ZEYf2iEzevwF0X.jpg,1920,1080,fanta2,777,134,1080,924
WIN_20260527_20_29_51_Pro_jpg.rf.ZssCUUIyUzXpH6cusUTS.jpg,1920,1080,fanta2,525,374,751,933
WIN_20260527_20_30_17_Pro_jpg.rf.YG4vHNspPsZVy0SQ90mn.jpg,1920,1080,fanta2,942,320,1178,922
WIN_20260527_20_12_40_Pro_jpg.rf.7tqM0T8Go5dQIqrpmFwK.jpg,1920,1080,fanta2,127,202,432,899
WIN_20260527_20_30_28_Pro_jpg.rf.fF3EZAQWPruVV0QOscrg.jpg,1920,1080,fanta2,713,306,1036,1079
WIN_20260527_20_11_33_Pro_jpg.rf.TIn69uIpuHf4h9lxGR3y.jpg,1920,1080,fanta2,797,130,1102,926
WIN_20260527_20_12_17_Pro_jpg.rf.I3YSJI01g3gH9BaQ9ALx.jpg,1920,1080,fanta2,161,199,466,896
WIN_20260527_20_29_49_Pro_jpg.rf.PHE51jhrCMT3T45dwame.jpg,1920,1080,fanta2,730,319,1025,1079
WIN_20260527_20_29_42_Pro_jpg.rf.oe55PjW6qvVkcatvwIRe.jpg,1920,1080,fanta2,237,368,528,1061
WIN_20260527_20_30_22_Pro_jpg.rf.aKI1f5mpN6HnXojaPVDJ.jpg,1920,1080,fanta2,942,320,1178,921
WIN_20260527_20_30_51_Pro_jpg.rf.rzUjRFclkpXAgDAkLjjC.jpg,1920,1080,fanta2,690,661,1233,883
WIN_20260527_20_11_20_Pro_jpg.rf.Y6kOPSQtKkmwLYk8cPWy.jpg,1920,1080,fanta2,796,140,1080,879
WIN_20260527_20_11_41_Pro_jpg.rf.SHtw1FaS0MHl2YdqMaVQ.jpg,1920,1080,fanta2,774,137,1073,914
WIN_20260527_20_29_34_Pro_jpg.rf.pUw3V8FOyqO6fC4H0pVR.jpg,1920,1080,fanta2,164,386,434,1019
WIN_20260527_20_13_00_Pro_jpg.rf.KytIpgcAR6tbi2XvXOk4.jpg,1920,1080,fanta2,1323,143,1589,825
WIN_20260527_20_14_45_Pro_jpg.rf.2UG8w2ybUVg9QnkuxtYt.jpg,1920,1080,fanta2,837,157,1124,875
WIN_20260527_20_30_40_Pro_jpg.rf.WLU5WrXQ5P8e7JmnsU4X.jpg,1920,1080,fanta2,291,718,868,1014
WIN_20260527_20_11_29_Pro_jpg.rf.cF6XAnDpKViol73MkYe9.jpg,1920,1080,fanta2,789,129,1098,940
WIN_20260527_20_11_22_Pro_jpg.rf.SmLke1ckFar0v5z57wpR.jpg,1920,1080,fanta2,781,139,1076,903
WIN_20260527_20_31_23_Pro_jpg.rf.iq69WcxmKGS6YzgMw96R.jpg,1920,1080,fanta2,676,323,971,1074
WIN_20260527_20_30_29_Pro_jpg.rf.ollkceHitjcm9yjGeqe9.jpg,1920,1080,fanta2,633,309,959,1079
WIN_20260527_20_12_44_Pro_jpg.rf.XMhsvOn9wScFRhouTqZd.jpg,1920,1080,fanta2,138,200,448,902
WIN_20260527_20_12_25_Pro_jpg.rf.csXAAgQ5HOAfRZtjomhw.jpg,1920,1080,fanta2,144,199,452,902
WIN_20260527_20_11_46_Pro_jpg.rf.aJlKkMIh4Vz8NV1mvIGV.jpg,1920,1080,fanta2,789,136,1087,907
WIN_20260527_20_29_26_Pro_jpg.rf.zWPKjXdgKwLdAPhVy2K3.jpg,1920,1080,fanta2,1453,283,1728,978
WIN_20260527_20_30_36_Pro_jpg.rf.ozvSGtbS3beakcBxz7Sc.jpg,1920,1080,fanta2,604,321,915,1079
WIN_20260527_20_30_35_Pro_jpg.rf.gqUoIwR5snRRIsu8yXdP.jpg,1920,1080,fanta2,605,315,924,1079
WIN_20260527_20_11_57_Pro_jpg.rf.9yiijuwtAaMeXVWE4yKl.jpg,1920,1080,fanta2,770,139,1068,905
WIN_20260527_20_11_31_Pro_jpg.rf.qhsa8Q5plaxZ2rkXApGV.jpg,1920,1080,fanta2,805,128,1108,932
WIN_20260527_20_30_56_Pro_jpg.rf.tElZgtjYCebQFgCXmD3p.jpg,1920,1080,fanta2,713,658,1235,927
WIN_20260527_20_13_35_Pro_jpg.rf.0bbI8gg2GgHnOb9F2Mhs.jpg,1920,1080,fanta2,1203,133,1473,850
WIN_20260527_20_11_51_Pro_jpg.rf.ZPiBhRs6whW3VuzWISAt.jpg,1920,1080,fanta2,773,140,1068,906
WIN_20260527_20_12_06_Pro_jpg.rf.ZKzNZWBRxeLhW5wlPIOF.jpg,1920,1080,fanta2,120,203,427,893
WIN_20260527_20_30_15_Pro_jpg.rf.u6JuOaYYqkUdQAG1cM81.jpg,1920,1080,fanta2,1045,306,1289,945
WIN_20260527_20_12_27_Pro_jpg.rf.XyUDYtanXUk0Oje9SQNl.jpg,1920,1080,fanta2,138,199,448,904
WIN_20260527_20_14_58_Pro_jpg.rf.5bpSUdLetYGV3ijtchcl.jpg,1920,1080,fanta2,863,151,1148,882
WIN_20260527_20_13_08_Pro_jpg.rf.HAWQGrxcOKXcNuOTjhUS.jpg,1920,1080,fanta2,1269,138,1543,851
WIN_20260527_20_14_34_Pro_jpg.rf.F5v2wK221kfMJCMD5eCx.jpg,1920,1080,fanta2,823,155,1111,882
WIN_20260527_20_30_33_Pro_jpg.rf.v4Afhx2QGeJKGYxZUOfv.jpg,1920,1080,fanta2,625,316,940,1079
WIN_20260527_20_12_32_Pro_jpg.rf.FQIFxVWaZW6wJbaNmJao.jpg,1920,1080,fanta2,131,201,439,904
WIN_20260527_20_32_02_Pro_jpg.rf.zzZvbhbOB2okB49MTzGB.jpg,1920,1080,fanta2,1043,302,1293,966
WIN_20260527_20_13_50_Pro_jpg.rf.Az6FxCl91Lxa5fwjysnF.jpg,1920,1080,fanta2,421,583,987,873
WIN_20260527_20_12_08_Pro_jpg.rf.r6ypmHgkDg8lBfeRMPOR.jpg,1920,1080,fanta2,154,200,459,899
WIN_20260527_20_12_04_Pro_jpg.rf.5yNaDCULfIG5s2fXp26H.jpg,1920,1080,fanta2,120,199,433,913
WIN_20260527_20_14_52_Pro_jpg.rf.ANuNBqVLBPTMPjpet2ty.jpg,1920,1080,fanta2,871,154,1156,879
WIN_20260527_20_11_18_Pro_jpg.rf.tWMFTSdde8sjP8Gsc3r6.jpg,1920,1080,fanta2,829,140,1108,880
WIN_20260527_20_14_55_Pro_jpg.rf.8cQBYMROUokyfyft6Dwe.jpg,1920,1080,fanta2,872,150,1156,883
WIN_20260527_20_12_10_Pro_jpg.rf.6uVpc6iM4SCjULySKrQ3.jpg,1920,1080,fanta2,167,199,472,895
WIN_20260527_20_29_59_Pro_jpg.rf.rBMUhxrfMPqWe8EuSkM1.jpg,1920,1080,fanta2,1041,360,1322,1032
WIN_20260527_20_11_55_Pro_jpg.rf.rHY5ZRo4W6UpfcLGalNJ.jpg,1920,1080,fanta2,772,140,1067,896
WIN_20260527_20_34_55_Pro_jpg.rf.fpHFDjD2sct4w9NZgsf4.jpg,1920,1080,fanta2,707,354,938,926
aug_WIN_20260527_20_04_06_Pro_jpg.rf.WZ3EfEgJv8TIW0XqnVf5.jpg,1920,1080,Pepsi,515,581,1091,849
WIN_20260527_19_57_03_Pro_jpg.rf.JnS0uU3eC7bzHbS3cRIS.jpg,1920,1080,Pepsi,513,118,788,938
WIN_20260527_19_53_44_Pro_jpg.rf.Lvj5PsRSZZgG5bwdys56.jpg,1920,1080,Pepsi,768,126,1006,931
aug_WIN_20260527_19_54_40_Pro_jpg.rf.38zpgJb3D2wVp9aPYFW9.jpg,1920,1080,Pepsi,789,116,1036,931
aug_WIN_20260527_20_04_00_Pro (2)_jpg.rf.MeZtomUPIXPtFzqiif3h.jpg,1920,1080,Pepsi,656,106,909,888
WIN_20260527_19_54_27_Pro_jpg.rf.IAHH6LusG6oaDf0ldl4G.jpg,1920,1080,Pepsi,510,68,863,1079
WIN_20260527_19_54_15_Pro_jpg.rf.NrDmiAfgmooqXI9xHKiM.jpg,1920,1080,Pepsi,433,91,767,1072
aug_WIN_20260527_20_04_04_Pro_jpg.rf.n0B4buEBAeYYfCQ3VFEm.jpg,1920,1080,Pepsi,501,591,1124,829
WIN_20260527_19_54_19_Pro_jpg.rf.NHkzqGYbxU2aMJG9s1Oi.jpg,1920,1080,Pepsi,413,94,745,1075
aug_WIN_20260527_19_53_56_Pro_jpg.rf.3cqOMVE8PtUd11Su9fXl.jpg,1920,1080,Pepsi,730,106,1014,1039
aug_WIN_20260527_19_53_04_Pro_jpg.rf.144jgaz2bRAubjlhi1K7.jpg,1920,1080,Pepsi,1467,101,1756,957
aug_WIN_20260527_19_53_27_Pro_jpg.rf.4i6Tmx7sRcUt3aeFEoN1.jpg,1920,1080,Pepsi,1453,105,1737,951
aug_WIN_20260527_19_59_38_Pro (2)_jpg.rf.aqS0dujYVDYyqrY8ZU5W.jpg,1920,1080,Pepsi,654,142,880,764
aug_WIN_20260527_19_53_54_Pro_jpg.rf.ZwJrRwhHqPGirGoW4VDH.jpg,1920,1080,Pepsi,710,97,998,1041
WIN_20260527_19_53_47_Pro_jpg.rf.XEkRptaqmswuGs4DGHQj.jpg,1920,1080,Pepsi,766,114,1018,963
aug_WIN_20260527_20_02_59_Pro_jpg.rf.bYN9J2rGiHAMGQpzZUAc.jpg,1920,1080,Pepsi,412,154,663,847
aug_WIN_20260527_19_54_05_Pro_jpg.rf.gltx5omPtm6ZPr9LZYZS.jpg,1920,1080,Pepsi,680,92,996,1079
aug_WIN_20260527_19_59_39_Pro_jpg.rf.boXVnSutMZt4HlJy7tjE.jpg,1920,1080,Pepsi,673,646,826,752
aug_WIN_20260527_19_59_39_Pro_jpg.rf.boXVnSutMZt4HlJy7tjE.jpg,1920,1080,Pepsi,652,142,864,606
aug_WIN_20260527_19_54_01_Pro_jpg.rf.7MQKXKBaojU9ia64L8v7.jpg,1920,1080,Pepsi,729,98,1021,1062
aug_WIN_20260527_19_54_43_Pro_jpg.rf.7nTCW1lv4GHZFeYV5AmD.jpg,1920,1080,Pepsi,794,117,1037,924
WIN_20260527_19_53_27_Pro_jpg.rf.Pc2WvVwKfjg7mgopHVi2.jpg,1920,1080,Pepsi,1452,106,1737,950
aug_WIN_20260527_19_53_26_Pro_jpg.rf.hgXScR9jR5026MhJKp4T.jpg,1920,1080,Pepsi,1473,103,1761,944
aug_WIN_20260527_19_59_27_Pro_jpg.rf.coA9fACXKw9mFVfDoy4w.jpg,1920,1080,Pepsi,958,150,1160,833
aug_WIN_20260527_19_54_15_Pro_jpg.rf.iaB04uhvAi0KPMDKB8cj.jpg,1920,1080,Pepsi,434,91,767,1079
WIN_20260527_19_53_51_Pro_jpg.rf.aV9YYZL0NDV5ZFYbUi9w.jpg,1920,1080,Pepsi,728,104,1004,1009
WIN_20260527_19_54_23_Pro_jpg.rf.d4wsNN6WcEs8FiI1dTQM.jpg,1920,1080,Pepsi,499,62,854,1079
WIN_20260527_19_53_48_Pro_jpg.rf.b1vlawsTaGJPQxpw5lcw.jpg,1920,1080,Pepsi,759,124,1024,982
aug_WIN_20260527_19_53_44_Pro_jpg.rf.msNoypsVnbKKCxkxNKTl.jpg,1920,1080,Pepsi,767,137,1006,930
aug_WIN_20260527_19_54_37_Pro_jpg.rf.8hTwTD76uNvj97nsS13M.jpg,1920,1080,Pepsi,767,118,1009,916
WIN_20260527_19_56_27_Pro_jpg.rf.cnXDSa9ydyF0dbZGgRSt.jpg,1920,1080,Pepsi,512,190,698,611
aug_WIN_20260527_19_54_25_Pro_jpg.rf.vtDM3DpwYwoco3XFc9BV.jpg,1920,1080,Pepsi,511,65,866,1079
aug_WIN_20260527_19_58_01_Pro_jpg.rf.d0kmE7sw8NmTz4y2ANhj.jpg,1920,1080,Pepsi,597,623,1051,887
aug_WIN_20260527_19_53_21_Pro_jpg.rf.EJxq3ULriuH0EQiUPf13.jpg,1920,1080,Pepsi,1470,103,1758,947
aug_WIN_20260527_19_54_03_Pro_jpg.rf.oZACEWJHwuXv7U5I9WL9.jpg,1920,1080,Pepsi,715,103,1016,1055
aug_WIN_20260527_20_03_14_Pro_jpg.rf.dKHJINLbpTNWvJ6sFc5X.jpg,1920,1080,Pepsi,824,105,1053,850
aug_WIN_20260527_20_03_12_Pro_jpg.rf.dWmysTzSjZI5tioUP6yt.jpg,1920,1080,Pepsi,594,134,825,824
aug_WIN_20260527_19_54_30_Pro_jpg.rf.oPwi8XM6bctdQQhumZjB.jpg,1920,1080,Pepsi,493,149,751,894
WIN_20260527_19_54_39_Pro_jpg.rf.ceGFfIXMv6a5eLlDQOWs.jpg,1920,1080,Pepsi,781,120,1026,939
WIN_20260527_20_03_31_Pro_jpg.rf.9ZOksnViQ4G0hdkOzTXd.jpg,1920,1080,Pepsi,1091,101,1328,851
WIN_20260527_20_03_30_Pro_jpg.rf.EgunD5zPvOPLtw1FSELa.jpg,1920,1080,Pepsi,857,116,1072,817
aug_WIN_20260527_19_59_19_Pro_jpg.rf.cvb9rwv6myHAiz5hy9DU.jpg,1920,1080,Pepsi,393,32,649,734
aug_WIN_20260527_20_03_50_Pro_jpg.rf.dqm8cr9VA1IXlRVwTBYO.jpg,1920,1080,Pepsi,933,138,1124,776
aug_WIN_20260527_19_54_23_Pro_jpg.rf.FgicGRl3YFFKRxPeQITO.jpg,1920,1080,Pepsi,499,61,854,1079
WIN_20260527_19_53_34_Pro_jpg.rf.dSFGxgdFFnpn81jNaqVt.jpg,1920,1080,Pepsi,1410,107,1685,947
aug_WIN_20260527_19_53_48_Pro_jpg.rf.AM9QnEeBT788YxXPKk85.jpg,1920,1080,Pepsi,758,124,1025,986
WIN_20260527_20_03_45_Pro_jpg.rf.RBNIefAESxN7useh79EY.jpg,1920,1080,Pepsi,1149,106,1385,832
aug_WIN_20260527_19_59_34_Pro (2)_jpg.rf.dwqYA6Sa0EG3agtXxWQS.jpg,1920,1080,Pepsi,652,142,881,846
WIN_20260527_20_03_37_Pro_jpg.rf.48bU8OMK0FThVPitsgCE.jpg,1920,1080,Pepsi,713,80,982,917
aug_WIN_20260527_20_02_56_Pro_jpg.rf.epJqhkKVPtdWe7aII1TA.jpg,1920,1080,Pepsi,1179,128,1413,870
aug_WIN_20260527_19_54_41_Pro_jpg.rf.EViWTAJlQ0ldyGUdh4p9.jpg,1920,1080,Pepsi,787,114,1036,929
aug_WIN_20260527_19_54_19_Pro_jpg.rf.IhPcSDP2LvVxQnGIQqeL.jpg,1920,1080,Pepsi,414,95,745,1077
aug_WIN_20260527_19_59_43_Pro_jpg.rf.eUen33iDW7APAKGzRUy3.jpg,1920,1080,Pepsi,665,134,895,870
WIN_20260527_20_03_47_Pro_jpg.rf.SmEfWEzWTwj376dFwput.jpg,1920,1080,Pepsi,1095,156,1356,815
WIN_20260527_20_03_34_Pro_jpg.rf.XdqrbBC6mTkICrPiIVE7.jpg,1920,1080,Pepsi,762,114,991,838
aug_WIN_20260527_20_00_01_Pro (2)_jpg.rf.eVX2M2zu1sP3PMcFpbNG.jpg,1920,1080,Pepsi,866,128,1085,849
WIN_20260527_20_03_43_Pro_jpg.rf.Uh562j6nWXc9JXUgqtNZ.jpg,1920,1080,Pepsi,581,145,795,799
WIN_20260527_19_54_10_Pro_jpg.rf.doydL8Kc0RlNxhMqWbjI.jpg,1920,1080,Pepsi,435,95,768,1057
WIN_20260527_19_56_28_Pro_jpg.rf.dVyrsIrB8UAvsOrRWSDx.jpg,1920,1080,Pepsi,511,191,699,807
aug_WIN_20260527_19_54_39_Pro_jpg.rf.Ge2Sjs0ntKikhUi4zY49.jpg,1920,1080,Pepsi,783,118,1027,939
aug_WIN_20260527_19_53_51_Pro_jpg.rf.KNWFpCOsyTe4czJ7dxl3.jpg,1920,1080,Pepsi,730,103,1004,1009
aug_WIN_20260527_19_49_32_Pro_jpg.rf.bSpyK8zZZXETkfe1rKdk.jpg,1920,1080,Pepsi,631,156,852,866
aug_WIN_20260527_20_03_51_Pro_jpg.rf.f2UJmFyHGg2llOlaLsRR.jpg,1920,1080,Pepsi,650,146,853,786
aug_WIN_20260527_20_03_52_Pro_jpg.rf.fk04VdoHpPBL2UXNs1U2.jpg,1920,1080,Pepsi,649,146,854,787
aug_WIN_20260527_20_00_06_Pro_jpg.rf.giuehO6yxkZxWPXFQnvy.jpg,1920,1080,Pepsi,859,130,1063,740
aug_WIN_20260527_19_53_47_Pro_jpg.rf.GjF2qfguouyL0fEWNwwS.jpg,1920,1080,Pepsi,764,117,1017,967
aug_WIN_20260527_19_54_49_Pro_jpg.rf.O0CoNFXvTDkpWOsBlcHD.jpg,1920,1080,Pepsi,771,108,1025,946
aug_WIN_20260527_19_58_27_Pro_jpg.rf.hUOl3EOdbuTqmXgBfKXw.jpg,1920,1080,Pepsi,878,144,1085,847
aug_WIN_20260527_19_48_59_Pro_jpg.rf.gKBqsU5ZLXZOQRVxOc4R.jpg,1920,1080,Pepsi,681,606,1274,857
WIN_20260527_19_54_52_Pro_jpg.rf.fhYCQmu0WFJQyTJfhcDV.jpg,1920,1080,Pepsi,769,107,1024,945
aug_WIN_20260527_19_48_33_Pro_jpg.rf.bFOFy1KrKueytzJSn3mU.jpg,1920,1080,Pepsi,881,121,1124,963
aug_WIN_20260527_19_57_34_Pro_jpg.rf.hiH2nfddU2unoIJU10PJ.jpg,1920,1080,Pepsi,616,144,843,763
aug_WIN_20260527_19_47_39_Pro_jpg.rf.hz1SesrHVBbZrvgrcfhG.jpg,1920,1080,Pepsi,778,117,1028,967
aug_WIN_20260527_19_57_41_Pro_jpg.rf.i8IXZOdAcvIL4DUAx6C6.jpg,1920,1080,Pepsi,695,139,912,766
aug_WIN_20260527_19_53_34_Pro_jpg.rf.KPxnAYnBt34wKEdvNZ6B.jpg,1920,1080,Pepsi,1410,108,1685,946
aug_WIN_20260527_19_54_10_Pro_jpg.rf.RtDpOpAgGDJ4laEEtTyU.jpg,1920,1080,Pepsi,435,95,767,1079
aug_WIN_20260527_19_54_27_Pro_jpg.rf.QMw62UHSsNpxKCQFY0gR.jpg,1920,1080,Pepsi,510,68,863,1079
aug_WIN_20260527_19_59_31_Pro_jpg.rf.hi5US2dvVIKvSUvPar2a.jpg,1920,1080,Pepsi,678,141,880,849
aug_WIN_20260527_19_50_58_Pro_jpg.rf.dnptNJcmsyqQkJYTvfUt.jpg,1920,1080,Pepsi,88,123,436,1060
aug_WIN_20260527_20_02_12_Pro_jpg.rf.duqPwEvgo85oAcry0XRY.jpg,1920,1080,Pepsi,482,119,760,931
aug_WIN_20260527_19_47_43_Pro_jpg.rf.h4q28gv5VP5PFtnxUAnI.jpg,1920,1080,Pepsi,791,116,1042,976
aug_WIN_20260527_20_01_39_Pro_jpg.rf.hpL4etsn0Hhco2RX1ont.jpg,1920,1080,Pepsi,636,113,884,909
WIN_20260527_20_04_08_Pro_jpg.rf.iU7Eud8EbiHdlNRdUSr2.jpg,1920,1080,Pepsi,424,607,1053,826
aug_WIN_20260527_20_03_04_Pro (2)_jpg.rf.isPLsrQR6pHYm8LJt04Z.jpg,1920,1080,Pepsi,822,94,1049,867
aug_WIN_20260527_19_45_53_Pro_jpg.rf.cGOSurmolOUFFxZQNWXi.jpg,1920,1080,Pepsi,760,124,1007,948
aug_WIN_20260527_19_59_49_Pro_jpg.rf.jXbWwiHBtaxZRoTIvs3h.jpg,1920,1080,Pepsi,656,125,891,873
WIN_20260527_19_54_30_Pro_jpg.rf.hKOWsxAAdeRTytpeqPke.jpg,1920,1080,Pepsi,493,148,751,894
aug_WIN_20260527_19_50_01_Pro_jpg.rf.iv8SeorbdlAza5lBCBfo.jpg,1920,1080,Pepsi,721,163,923,725
aug_WIN_20260527_20_03_27_Pro_jpg.rf.jxDpQYrPRtai0JMg7rXV.jpg,1920,1080,Pepsi,431,159,632,620
aug_WIN_20260527_19_53_31_Pro_jpg.rf.YYc9E0wkR8O1CC0EnGry.jpg,1920,1080,Pepsi,1443,105,1730,945
WIN_20260527_20_04_00_Pro (2)_jpg.rf.j9w1ZaIicbuPmN6dHEXY.jpg,1920,1080,Pepsi,654,106,909,879
aug_WIN_20260527_19_57_23_Pro_jpg.rf.nlzn7ad4k1kLiecvFdMb.jpg,1920,1080,Pepsi,692,796,840,891
aug_WIN_20260527_19_57_23_Pro_jpg.rf.nlzn7ad4k1kLiecvFdMb.jpg,1920,1080,Pepsi,575,114,836,928
aug_WIN_20260527_19_49_34_Pro_jpg.rf.jZvIey3LOv9nWVS4KPpC.jpg,1920,1080,Pepsi,630,157,852,865
aug_WIN_20260527_19_57_32_Pro_jpg.rf.pLgecaS8BncZvk163kaU.jpg,1920,1080,Pepsi,600,139,852,874
aug_WIN_20260527_19_46_08_Pro_jpg.rf.is38tMnERXwmE7rFwDku.jpg,1920,1080,Pepsi,800,118,1054,971
WIN_20260527_19_59_57_Pro_jpg.rf.4FmybC8800AGfxZOBUlw.jpg,1920,1080,Pepsi,805,125,1023,866
WIN_20260527_20_03_17_Pro_jpg.rf.pYIUzkmpaqlodiCd5sCm.jpg,1920,1080,Pepsi,918,93,1147,855
WIN_20260527_19_53_56_Pro_jpg.rf.gd9E3hnz3vV9tDDyG3TF.jpg,1920,1080,Pepsi,730,94,1015,1037
WIN_20260527_19_54_25_Pro_jpg.rf.iNSQQFDQm60u7IG9plM9.jpg,1920,1080,Pepsi,510,65,866,1079
aug_WIN_20260527_19_48_14_Pro_jpg.rf.i2FmUKTvVu1RvKR4NBHS.jpg,1920,1080,Pepsi,869,124,1109,948
WIN_20260527_19_57_44_Pro_jpg.rf.22lLvrF8EoCWysDQfq0G.jpg,1920,1080,Pepsi,718,141,932,765
aug_WIN_20260527_19_53_59_Pro_jpg.rf.TMZ1qWMW6MfRMrEYeI6g.jpg,1920,1080,Pepsi,747,91,1036,1049
WIN_20260527_19_57_41_Pro_jpg.rf.0h8wx8PdG74zlgwVzHx0.jpg,1920,1080,Pepsi,694,139,913,766
aug_WIN_20260527_19_53_23_Pro_jpg.rf.ZNdOUFfGwcb67SqwiNvw.jpg,1920,1080,Pepsi,1470,104,1756,945
WIN_20260527_19_57_34_Pro_jpg.rf.6VYEHexPpQuV9PmS3s9q.jpg,1920,1080,Pepsi,616,144,843,767
WIN_20260527_20_03_38_Pro_jpg.rf.qQNDzMnReIvBENF59Egb.jpg,1920,1080,Pepsi,720,85,984,921
aug_WIN_20260527_19_57_44_Pro_jpg.rf.pxkjDdHWoxBouk1d2mxk.jpg,1920,1080,Pepsi,716,141,931,761
WIN_20260527_19_57_51_Pro_jpg.rf.DeRFWieCTYUWMNphjZ0K.jpg,1920,1080,Pepsi,414,604,921,909
WIN_20260527_20_03_27_Pro_jpg.rf.xfdAkWriHYpEDDVLaCIu.jpg,1920,1080,Pepsi,433,158,641,696
WIN_20260527_19_57_12_Pro_jpg.rf.AY5jaGTijWFBupRN3qnC.jpg,1920,1080,Pepsi,576,110,838,762
WIN_20260527_20_03_44_Pro_jpg.rf.rh5o1461fnQKYIw2Nwm7.jpg,1920,1080,Pepsi,653,143,872,797
WIN_20260527_19_56_26_Pro_jpg.rf.iCqgF2FYGiwkl3IRuuzU.jpg,1920,1080,Pepsi,510,189,699,808
WIN_20260527_20_03_28_Pro_jpg.rf.x8ugy5p1WOwU3ts88zCN.jpg,1920,1080,Pepsi,856,125,1072,816
aug_WIN_20260527_19_57_28_Pro_jpg.rf.S1HGLgRhoTMPvH2BlDXZ.jpg,1920,1080,Pepsi,552,143,797,864
aug_WIN_20260527_19_46_52_Pro_jpg.rf.jeCZFHgn3QIYc0C5cjmI.jpg,1920,1080,Pepsi,748,125,1000,949
WIN_20260527_19_54_05_Pro_jpg.rf.ytQVej5LQSWcxi7Acqf9.jpg,1920,1080,Pepsi,680,92,996,1077
WIN_20260527_20_03_32_Pro_jpg.rf.uM7G6KhuvJfu5ILSnNUv.jpg,1920,1080,Pepsi,1090,99,1330,852
WIN_20260527_19_53_31_Pro_jpg.rf.lpcLPnMIKYy9BCCBRsEP.jpg,1920,1080,Pepsi,1443,105,1730,945
aug_WIN_20260527_19_48_23_Pro_jpg.rf.jEaTxqynPugX4WZGMWkP.jpg,1920,1080,Pepsi,863,125,1104,946
WIN_20260527_19_51_33_Pro_jpg.rf.9UV7jSb8JzciS3KdXuAe.jpg,1920,1080,Pepsi,227,108,569,1067
WIN_20260527_20_03_45_Pro (2)_jpg.rf.iX2OYYGqRSqeEXaTWC1P.jpg,1920,1080,Pepsi,1150,109,1389,835
WIN_20260527_19_57_45_Pro_jpg.rf.FNgRASFMVXlaxkmr2Eyx.jpg,1920,1080,Pepsi,708,217,916,762
WIN_20260527_19_57_15_Pro_jpg.rf.F0iPbEkW4N0PHM6hNBRn.jpg,1920,1080,Pepsi,567,112,834,917
WIN_20260527_20_00_00_Pro_jpg.rf.QamtUu6koqdbq8dBKiwC.jpg,1920,1080,Pepsi,865,139,1083,859
WIN_20260527_19_50_43_Pro_jpg.rf.FGsgWEbaNz7NeX11BSl4.jpg,1920,1080,Pepsi,95,141,426,1002
WIN_20260527_20_00_03_Pro_jpg.rf.If2CGMMZS6nbl3ykrk52.jpg,1920,1080,Pepsi,869,128,1083,740
WIN_20260527_19_50_58_Pro_jpg.rf.PrDTgofoDfLPKw1sNvZO.jpg,1920,1080,Pepsi,88,123,437,1059
WIN_20260527_19_57_23_Pro_jpg.rf.PJAMhfg9fIt5eVzzf0YR.jpg,1920,1080,Pepsi,574,113,836,927
WIN_20260527_19_51_10_Pro_jpg.rf.EUlFF70ohsRCcbREuKhH.jpg,1920,1080,Pepsi,172,110,525,1070
WIN_20260527_19_51_05_Pro_jpg.rf.RrsRxXU5Z5yaQwhB9gvg.jpg,1920,1080,Pepsi,126,109,489,1079
WIN_20260527_19_57_19_Pro_jpg.rf.XXPXFqYLkdMAAKsSRNr3.jpg,1920,1080,Pepsi,570,112,836,915
WIN_20260527_19_50_45_Pro_jpg.rf.2zEdwaAI00UZWr8SxV34.jpg,1920,1080,Pepsi,81,139,422,1012
WIN_20260527_19_59_56_Pro_jpg.rf.RO66TfrqHJacSVgLTDpG.jpg,1920,1080,Pepsi,808,125,1024,865
WIN_20260527_20_00_04_Pro (2)_jpg.rf.RsMVjBdDYPZDwB1CGapI.jpg,1920,1080,Pepsi,863,146,1076,738
WIN_20260527_19_50_37_Pro_jpg.rf.HHaeG1VmaU37krxmHDpV.jpg,1920,1080,Pepsi,105,141,435,999
WIN_20260527_19_53_54_Pro_jpg.rf.kzNcMZHapmax97zccMRt.jpg,1920,1080,Pepsi,711,97,998,1028
WIN_20260527_19_51_24_Pro_jpg.rf.SZ12FxOADtLUV91mBsFm.jpg,1920,1080,Pepsi,230,108,579,1066
WIN_20260527_19_57_32_Pro_jpg.rf.Y3TsZjyO4ZYOt9sxC5yN.jpg,1920,1080,Pepsi,599,140,836,768
WIN_20260527_19_51_21_Pro_jpg.rf.UXHjWrXUJwwHajN0F0jZ.jpg,1920,1080,Pepsi,210,110,557,1066
WIN_20260527_19_50_23_Pro_jpg.rf.Xd9vldEQMtm68ITFjtsJ.jpg,1920,1080,Pepsi,127,152,437,970
WIN_20260527_19_59_45_Pro (2)_jpg.rf.V6lidqunvxKw3w5fRawh.jpg,1920,1080,Pepsi,654,129,888,877
WIN_20260527_19_51_01_Pro_jpg.rf.KWVdyeLXR1aFez7yeMMO.jpg,1920,1080,Pepsi,111,120,463,1064
WIN_20260527_19_57_46_Pro_jpg.rf.ZshvFT9X3jrn2EfxBnB4.jpg,1920,1080,Pepsi,711,147,926,766
WIN_20260527_19_50_57_Pro_jpg.rf.0drgWvRCvUQJXY1YiPaQ.jpg,1920,1080,Pepsi,87,122,436,1059
WIN_20260527_19_58_00_Pro_jpg.rf.bMrU9vAxFg0q7hLFxE8i.jpg,1920,1080,Pepsi,877,790,904,879
WIN_20260527_19_58_00_Pro_jpg.rf.bMrU9vAxFg0q7hLFxE8i.jpg,1920,1080,Pepsi,681,635,1044,759
WIN_20260527_19_51_31_Pro_jpg.rf.cJ8RD7WDPZFBAthOtzkU.jpg,1920,1080,Pepsi,245,105,589,1074
WIN_20260527_19_57_54_Pro_jpg.rf.bzkriEc9DPJ6FLRbkpEj.jpg,1920,1080,Pepsi,556,611,1043,771
WIN_20260527_19_51_12_Pro_jpg.rf.g7ausbyrIQ6r7fAhCsAo.jpg,1920,1080,Pepsi,205,114,552,1059
WIN_20260527_19_58_18_Pro_jpg.rf.ebhFqVwfVX3UQuSnYURh.jpg,1920,1080,Pepsi,863,143,1070,850
WIN_20260527_19_51_18_Pro_jpg.rf.d6Asnipedz4zLPHJohNG.jpg,1920,1080,Pepsi,230,115,570,1055
WIN_20260527_19_59_27_Pro_jpg.rf.dLvoZ6P0Xp8jh4r6p2a6.jpg,1920,1080,Pepsi,957,151,1160,833
WIN_20260527_19_51_41_Pro_jpg.rf.hDdN8NEFx3q3ksqLevii.jpg,1920,1080,Pepsi,1390,98,1691,979
WIN_20260527_19_50_53_Pro_jpg.rf.TDl3NhwlcdGKsjmzXa0T.jpg,1920,1080,Pepsi,90,135,425,1023
WIN_20260527_19_59_42_Pro_jpg.rf.jT3CoxnGAKzAtus7iZhi.jpg,1920,1080,Pepsi,653,142,881,848
WIN_20260527_19_50_40_Pro_jpg.rf.goK8fPFMeTm6MrbRbgFr.jpg,1920,1080,Pepsi,91,140,423,1010
WIN_20260527_19_58_01_Pro_jpg.rf.fmQWH2Kf4DqYVXxZIKvr.jpg,1920,1080,Pepsi,594,622,1051,888
WIN_20260527_19_51_19_Pro_jpg.rf.nxGs3Ibji3PJiO4r4lM0.jpg,1920,1080,Pepsi,231,114,573,1055
WIN_20260527_19_51_02_Pro_jpg.rf.fz2iAkKNbXEMlHIaMUQH.jpg,1920,1080,Pepsi,104,116,463,1075
WIN_20260527_19_58_41_Pro_jpg.rf.gVbd1wWjANk0qXt8C43r.jpg,1920,1080,Pepsi,702,110,938,698
aug_WIN_20260527_19_57_38_Pro_jpg.rf.WlYrNOBQNLrfIyHBGCu2.jpg,1920,1080,Pepsi,651,147,874,766
WIN_20260527_19_51_16_Pro_jpg.rf.oeFX8d9EvcKZRsg5pPII.jpg,1920,1080,Pepsi,227,113,573,1058
WIN_20260527_19_59_34_Pro (2)_jpg.rf.cglG0Aq80E5ULpuqBTN2.jpg,1920,1080,Pepsi,650,142,881,847
WIN_20260527_19_59_47_Pro_jpg.rf.qYfmAXfLraZzIMSTjmke.jpg,1920,1080,Pepsi,660,144,890,876
WIN_20260527_19_50_21_Pro_jpg.rf.qYb7DxngGy8y51iRIscZ.jpg,1920,1080,Pepsi,101,162,409,946
WIN_20260527_19_50_51_Pro_jpg.rf.pU8zzU4GEzztND8SMiKs.jpg,1920,1080,Pepsi,93,210,425,1025
WIN_20260527_19_59_41_Pro (2)_jpg.rf.uy1oVQdcN97oEuCAw3zy.jpg,1920,1080,Pepsi,654,141,881,845
WIN_20260527_19_51_08_Pro_jpg.rf.zbOXRjSCxuQF3MUMq5fv.jpg,1920,1080,Pepsi,159,110,522,1079
WIN_20260527_19_46_40_Pro_jpg.rf.BCJwrIQeLQcZh9KTDVvG.jpg,1920,1080,Pepsi,736,129,984,936
WIN_20260527_19_50_34_Pro_jpg.rf.rED4eR6CcDpvT0mqExFd.jpg,1920,1080,Pepsi,109,144,434,996
WIN_20260527_19_57_48_Pro_jpg.rf.wPoFKLHMHXtlTaK07CcU.jpg,1920,1080,Pepsi,756,150,962,759
WIN_20260527_19_50_55_Pro_jpg.rf.zD6PQTRZHSDDXSdTsarC.jpg,1920,1080,Pepsi,79,131,424,1036
WIN_20260527_19_45_59_Pro_jpg.rf.ATomlpcUUq5UvYFghTup.jpg,1920,1080,Pepsi,783,123,1027,950
WIN_20260527_19_52_20_Pro_jpg.rf.1TMWa5tZ2ImczNm74EaP.jpg,1920,1080,Pepsi,1484,95,1783,965
WIN_20260527_19_46_33_Pro_jpg.rf.BkWXQb00tPBaXNoZD4fO.jpg,1920,1080,Pepsi,813,99,1092,1041
WIN_20260527_19_50_29_Pro_jpg.rf.wv9ufm1wYsVz3jvkLjHb.jpg,1920,1080,Pepsi,115,151,430,980
WIN_20260527_19_51_47_Pro_jpg.rf.2Q8QkxqTF4MML5oW9xce.jpg,1920,1080,Pepsi,1411,93,1712,984
WIN_20260527_19_57_38_Pro_jpg.rf.wqPEHMidIlwXe3KFQr2O.jpg,1920,1080,Pepsi,654,145,874,764
WIN_20260527_19_51_35_Pro_jpg.rf.o0Jjmmucmpka8S7cyPsx.jpg,1920,1080,Pepsi,230,114,566,1059
WIN_20260527_19_46_08_Pro_jpg.rf.7Y2ZR4sihb7WPrhDOllw.jpg,1920,1080,Pepsi,800,117,1053,970
WIN_20260527_19_50_48_Pro_jpg.rf.n4GHyDSHBaTrSIoGNEMR.jpg,1920,1080,Pepsi,91,135,429,1025
WIN_20260527_19_50_16_Pro_jpg.rf.tW5hl1HdKXx9BSZMKJwb.jpg,1920,1080,Pepsi,126,169,424,925
WIN_20260527_19_45_53_Pro_jpg.rf.CA4XJ0Ni8YIrVhY3RLVA.jpg,1920,1080,Pepsi,761,124,1006,947
WIN_20260527_19_53_21_Pro_jpg.rf.7mOkrCTAVZqXATRpNeR5.jpg,1920,1080,Pepsi,1470,103,1758,947
WIN_20260527_19_57_28_Pro_jpg.rf.si0xiC5spqO03QgvfNtJ.jpg,1920,1080,Pepsi,553,141,797,865
WIN_20260527_19_52_29_Pro_jpg.rf.6pzogLmh3WZJo27HeBjN.jpg,1920,1080,Pepsi,1419,100,1715,959
WIN_20260527_19_53_25_Pro_jpg.rf.5bQy64ObAT7a4ek0Tkir.jpg,1920,1080,Pepsi,1473,103,1764,944
WIN_20260527_19_46_59_Pro_jpg.rf.86502edfpSX9MLUx6d4r.jpg,1920,1080,Pepsi,756,119,1014,970
WIN_20260527_19_51_50_Pro_jpg.rf.I50b17LSExaCUwMKLNT5.jpg,1920,1080,Pepsi,1420,95,1720,973
WIN_20260527_19_46_35_Pro_jpg.rf.Etg0m4zAUaKvcifTgVOs.jpg,1920,1080,Pepsi,874,103,1145,1033
WIN_20260527_19_46_17_Pro_jpg.rf.Ii9ZxrYMbnchHhBhfJ17.jpg,1920,1080,Pepsi,745,103,1023,1022
WIN_20260527_19_52_50_Pro_jpg.rf.8rmoSDh9xH00J0clVFX7.jpg,1920,1080,Pepsi,1449,101,1735,955
WIN_20260527_19_52_40_Pro_jpg.rf.OVXUQzyQnMWvs9ZTXfvo.jpg,1920,1080,Pepsi,1444,100,1738,958
WIN_20260527_19_51_53_Pro_jpg.rf.IIzS0S4kfLyQ0V5Gz2DS.jpg,1920,1080,Pepsi,1422,94,1726,975
WIN_20260527_19_52_23_Pro_jpg.rf.Jddcth7nmWf2ShkWsqFS.jpg,1920,1080,Pepsi,1484,96,1786,962
WIN_20260527_19_46_36_Pro_jpg.rf.F4akjbG4Ftfle8KDsO9i.jpg,1920,1080,Pepsi,871,101,1145,1033
WIN_20260527_19_46_50_Pro_jpg.rf.JkYP7kCPKJlNixioCPrQ.jpg,1920,1080,Pepsi,737,126,984,953
WIN_20260527_19_46_56_Pro_jpg.rf.MplRJ0mDKo2EmMSreOBJ.jpg,1920,1080,Pepsi,750,123,1001,952
WIN_20260527_19_53_00_Pro_jpg.rf.Cxk39GgpfBBBzxqIGL3T.jpg,1920,1080,Pepsi,1466,99,1757,955
WIN_20260527_19_52_05_Pro_jpg.rf.P1gwssVxj9aJYbV0Algf.jpg,1920,1080,Pepsi,1433,102,1724,952
WIN_20260527_19_45_41_Pro_jpg.rf.0mZAB7FH73ofOV2fTqs9.jpg,1920,1080,Pepsi,728,129,969,938
WIN_20260527_19_53_04_Pro_jpg.rf.VYb9ilP0fWEe5H3W7Cuh.jpg,1920,1080,Pepsi,1469,100,1756,956
WIN_20260527_19_47_05_Pro_jpg.rf.D0JGzt1P2SpAXmQbAxpK.jpg,1920,1080,Pepsi,773,115,1029,977
WIN_20260527_19_53_16_Pro_jpg.rf.RFOLhxfawgwOy18lGd2N.jpg,1920,1080,Pepsi,1478,99,1771,955
WIN_20260527_19_46_30_Pro_jpg.rf.PBvbdHaTFlnGkc2v5udX.jpg,1920,1080,Pepsi,815,102,1085,1030
WIN_20260527_19_53_10_Pro_jpg.rf.ZRXsdNVtWed1NUj0gtsj.jpg,1920,1080,Pepsi,1484,101,1775,951
WIN_20260527_19_46_14_Pro_jpg.rf.UXxgHQKE0g8zPOALUYNg.jpg,1920,1080,Pepsi,762,113,1028,1002
WIN_20260527_19_52_33_Pro_jpg.rf.WboBLTVlVkcdlKwZaujR.jpg,1920,1080,Pepsi,1460,96,1761,967
WIN_20260527_19_52_26_Pro_jpg.rf.TlidT2ULOflO3zgplPPa.jpg,1920,1080,Pepsi,1486,97,1781,961
WIN_20260527_19_47_08_Pro_jpg.rf.SDY1hGekd3pjVs1zFkb1.jpg,1920,1080,Pepsi,802,114,1058,980
WIN_20260527_19_52_42_Pro_jpg.rf.cnjJ2LNyfK9SMYkbqavw.jpg,1920,1080,Pepsi,1446,101,1736,959
WIN_20260527_19_46_52_Pro_jpg.rf.V0UXHE3eOxM4MwHo89y9.jpg,1920,1080,Pepsi,749,124,999,948
WIN_20260527_19_52_47_Pro_jpg.rf.dVgG44z5eywXIoBTNZQC.jpg,1920,1080,Pepsi,1438,106,1725,948
WIN_20260527_19_45_51_Pro_jpg.rf.TTqEcUXxsbuDwMVWOY8W.jpg,1920,1080,Pepsi,740,124,986,952
WIN_20260527_19_52_57_Pro_jpg.rf.h9r37oN9SOdcvk4KjOQP.jpg,1920,1080,Pepsi,1460,99,1751,953
WIN_20260527_19_45_37_Pro_jpg.rf.gJVIsSduqNSo0bslpbCC.jpg,1920,1080,Pepsi,725,127,971,924
WIN_20260527_19_45_37_Pro_jpg.rf.gJVIsSduqNSo0bslpbCC.jpg,1920,1080,Pepsi,730,132,969,923
WIN_20260527_19_53_08_Pro_jpg.rf.iqszx2gmO354VYrF8My0.jpg,1920,1080,Pepsi,1481,100,1769,953
WIN_20260527_19_46_27_Pro_jpg.rf.a1XP4cODinyftqDabyKY.jpg,1920,1080,Pepsi,799,102,1070,1024
WIN_20260527_19_52_12_Pro_jpg.rf.5IgjsKdR68ffQy2DjIHC.jpg,1920,1080,Pepsi,1461,96,1760,965
WIN_20260527_19_52_08_Pro_jpg.rf.iayhRkr5GrmX6Vw1uaTL.jpg,1920,1080,Pepsi,1461,95,1760,968
WIN_20260527_19_45_40_Pro_jpg.rf.lNdLgIYxuiLXdjKlrN1L.jpg,1920,1080,Pepsi,725,129,969,937
WIN_20260527_19_46_51_Pro_jpg.rf.WUfQPFtCJeb6PdBh50Yq.jpg,1920,1080,Pepsi,749,124,999,947
WIN_20260527_19_53_19_Pro_jpg.rf.mJhoQqNmHl7rsbHx8dKv.jpg,1920,1080,Pepsi,1465,102,1758,948
WIN_20260527_19_52_37_Pro_jpg.rf.tL8BBlMaUbHhQkaMWPhz.jpg,1920,1080,Pepsi,1438,99,1735,956
WIN_20260527_19_46_03_Pro_jpg.rf.sSAziCTYzKUmXHWM2iK1.jpg,1920,1080,Pepsi,790,123,1038,956
WIN_20260527_19_52_01_Pro_jpg.rf.wa3aGzS854jO9ESry4AF.jpg,1920,1080,Pepsi,1441,93,1743,977
WIN_20260527_19_46_12_Pro_jpg.rf.xK1WkcT8M1Bl0ETe18Zn.jpg,1920,1080,Pepsi,759,109,1027,1003
WIN_20260527_19_49_27_Pro_jpg.rf.24JG5l7JvwxITyLyFTUz.jpg,1920,1080,Pepsi,381,603,913,912
WIN_20260527_19_53_23_Pro_jpg.rf.jhAg0wLmt6pJnas1IT1s.jpg,1920,1080,Pepsi,1469,104,1757,946
WIN_20260527_19_45_55_Pro_jpg.rf.ZupuvOKrAfyyCIZw9IOp.jpg,1920,1080,Pepsi,776,125,1020,941
WIN_20260527_19_49_38_Pro_jpg.rf.9IVmnbepe5wjNHARplfj.jpg,1920,1080,Pepsi,635,153,859,850
WIN_20260527_20_03_20_Pro_jpg.rf.8BUgWIqlYnIGxcGt281c.jpg,1920,1080,Pepsi,896,150,1120,841
WIN_20260527_19_50_32_Pro_jpg.rf.9a6tPHOU4rDeaihZJNGD.jpg,1920,1080,Pepsi,104,146,428,996
WIN_20260527_19_46_45_Pro_jpg.rf.mT5VC3VPM4DcHxxTFuqb.jpg,1920,1080,Pepsi,750,126,997,938
WIN_20260527_19_51_26_Pro_jpg.rf.php1NWYpPOQBwlIhCdrK.jpg,1920,1080,Pepsi,229,109,573,1068
WIN_20260527_20_02_56_Pro_jpg.rf.6nw1UVVU7qDOMvIinxqT.jpg,1920,1080,Pepsi,1179,127,1413,870
WIN_20260527_19_48_49_Pro_jpg.rf.DsF58d58J4V5DWqFcMof.jpg,1920,1080,Pepsi,787,618,1283,852
WIN_20260527_20_02_55_Pro_jpg.rf.8KXxX1RdSwrsfp3DGUBD.jpg,1920,1080,Pepsi,1029,101,1279,935
WIN_20260527_19_52_16_Pro_jpg.rf.zsBQnR9nsx5gkEpHi2gq.jpg,1920,1080,Pepsi,1462,97,1758,965
WIN_20260527_19_48_57_Pro_jpg.rf.HcHktvQgCZ7sY5XlZYV0.jpg,1920,1080,Pepsi,681,606,1276,857
WIN_20260527_19_48_48_Pro_jpg.rf.EPl7sR2WE7rZqxfBToG3.jpg,1920,1080,Pepsi,657,624,1266,864
WIN_20260527_19_45_58_Pro_jpg.rf.znotTJilx7tBNup7XBjz.jpg,1920,1080,Pepsi,784,123,1027,949
WIN_20260527_19_48_55_Pro_jpg.rf.LPKnY8P8xpRjX96kR5rM.jpg,1920,1080,Pepsi,883,597,1148,919
WIN_20260527_19_50_26_Pro_jpg.rf.IPe18gLSxmXvTZ7vb9pA.jpg,1920,1080,Pepsi,120,154,427,970
WIN_20260527_20_02_27_Pro_jpg.rf.9IrgXA2uU5W4c0f0sOLI.jpg,1920,1080,Pepsi,330,157,580,671
WIN_20260527_19_48_59_Pro_jpg.rf.QL2vzPrOg3M2eFaSdv9K.jpg,1920,1080,Pepsi,680,606,1276,859
WIN_20260527_20_03_06_Pro_jpg.rf.3alDnwBjxsB7CIXp3eM1.jpg,1920,1080,Pepsi,794,92,1025,870
WIN_20260527_19_50_12_Pro_jpg.rf.PlnOKb8WvPlWyLQ54GxG.jpg,1920,1080,Pepsi,699,169,903,835
WIN_20260527_19_46_20_Pro_jpg.rf.vmnn0a5dV15eJ5naUu4U.jpg,1920,1080,Pepsi,750,95,1035,1044
WIN_20260527_19_53_13_Pro_jpg.rf.xXozbBvSeBNKwUj7lIML.jpg,1920,1080,Pepsi,1504,96,1800,965
WIN_20260527_20_02_42_Pro_jpg.rf.9eBRqLRSjIrwghIyiMqc.jpg,1920,1080,Pepsi,138,164,388,680
WIN_20260527_19_46_24_Pro_jpg.rf.ZZXAkQab40r9Z0eyVvnQ.jpg,1920,1080,Pepsi,751,95,1033,1044
WIN_20260527_19_50_01_Pro_jpg.rf.LLC5GOtV6gcku3Nhg0vw.jpg,1920,1080,Pepsi,720,162,922,726
WIN_20260527_20_02_48_Pro_jpg.rf.HtUErTpb1PwIH2OqThLg.jpg,1920,1080,Pepsi,631,167,850,824
WIN_20260527_20_02_54_Pro_jpg.rf.Dxn2cw5NXTzViqzEvWRi.jpg,1920,1080,Pepsi,1027,101,1279,936
WIN_20260527_19_49_32_Pro_jpg.rf.TAbfffR8ptUQOoYnkCpI.jpg,1920,1080,Pepsi,631,156,852,866
WIN_20260527_20_03_00_Pro_jpg.rf.I33cAs1ymhFUYXxzJTpe.jpg,1920,1080,Pepsi,410,153,663,846
WIN_20260527_19_49_49_Pro_jpg.rf.LtfUfICQUwXjH1YOzvQO.jpg,1920,1080,Pepsi,669,151,886,727
WIN_20260527_20_02_32_Pro_jpg.rf.HnLxJndVA5sIsmVGJJtG.jpg,1920,1080,Pepsi,753,135,969,847
WIN_20260527_19_49_46_Pro_jpg.rf.YBDSAyRlB80NIgzNt031.jpg,1920,1080,Pepsi,715,155,928,723
WIN_20260527_20_02_25_Pro_jpg.rf.FBi23lx06jP3XPPASSB0.jpg,1920,1080,Pepsi,892,121,1115,885
WIN_20260527_20_02_20_Pro_jpg.rf.NSoBg1yCsiv7gWo6FapP.jpg,1920,1080,Pepsi,344,167,581,729
WIN_20260527_19_49_21_Pro_jpg.rf.YJt2I9i3aAZKoZp1qqvA.jpg,1920,1080,Pepsi,550,623,1164,836
WIN_20260527_20_02_52_Pro_jpg.rf.NYBebFxYcxWPYIXJiBng.jpg,1920,1080,Pepsi,399,149,660,860
WIN_20260527_19_48_52_Pro_jpg.rf.Pkk9bnE90Yz29XIfWapb.jpg,1920,1080,Pepsi,537,600,1101,864
WIN_20260527_20_03_14_Pro_jpg.rf.UH7NYe9HZjNPGc6cRuuw.jpg,1920,1080,Pepsi,822,105,1053,849
WIN_20260527_20_03_12_Pro_jpg.rf.RH46kHjiV3EBzVE0jh13.jpg,1920,1080,Pepsi,598,135,824,818
WIN_20260527_19_49_34_Pro_jpg.rf.cKmUyaPLD2R82afHuJoV.jpg,1920,1080,Pepsi,631,156,852,865
WIN_20260527_20_03_08_Pro_jpg.rf.XT0ReTTdXUYTkRoyRDuz.jpg,1920,1080,Pepsi,794,91,1026,870
WIN_20260527_20_03_05_Pro_jpg.rf.XkUkP3F4Tih7gzS9YR0X.jpg,1920,1080,Pepsi,829,93,1055,866
WIN_20260527_19_49_42_Pro_jpg.rf.fhcHp3pKqZks2qj5A9ns.jpg,1920,1080,Pepsi,689,154,902,742
WIN_20260527_19_49_04_Pro_jpg.rf.cxtErVb6m2HH55jv51Zv.jpg,1920,1080,Pepsi,568,617,1122,877
WIN_20260527_19_49_18_Pro_jpg.rf.iv2BeNnJAOiW3ttBt3kN.jpg,1920,1080,Pepsi,595,628,1002,944
WIN_20260527_20_02_59_Pro_jpg.rf.Z3frxALLDsaEMjl87WHh.jpg,1920,1080,Pepsi,413,153,662,847
WIN_20260527_20_03_04_Pro (2)_jpg.rf.N16Z6CI8YhRSOGANDzsp.jpg,1920,1080,Pepsi,821,95,1049,866
WIN_20260527_19_48_41_Pro_jpg.rf.i44L6dO3yA6t5Kz2aeJm.jpg,1920,1080,Pepsi,582,626,955,978
WIN_20260527_20_03_04_Pro_jpg.rf.jXWduI3tguhcPjdqPMwU.jpg,1920,1080,Pepsi,803,105,1037,872
WIN_20260527_19_50_10_Pro_jpg.rf.cSmteMnq8VM501vMzTrz.jpg,1920,1080,Pepsi,700,169,901,834
WIN_20260527_20_02_17_Pro_jpg.rf.ns5G2Q7hlZRPfPrSQk9I.jpg,1920,1080,Pepsi,698,140,912,835
WIN_20260527_20_02_30_Pro_jpg.rf.oOBF1IShoC7CGOpRV67n.jpg,1920,1080,Pepsi,501,141,761,856
WIN_20260527_19_49_01_Pro_jpg.rf.URBDEKyUA5I9jUmFWRmc.jpg,1920,1080,Pepsi,681,605,1275,860
WIN_20260527_20_02_12_Pro_jpg.rf.rA22hCH4ID1i1n41XHpk.jpg,1920,1080,Pepsi,481,119,760,921
WIN_20260527_19_49_14_Pro_jpg.rf.VkaMwrsiw8nYbyIkjztz.jpg,1920,1080,Pepsi,668,619,1028,943
WIN_20260527_19_49_59_Pro_jpg.rf.waX0aHbO0DDjdRH2rYMK.jpg,1920,1080,Pepsi,710,162,914,725
WIN_20260527_19_50_06_Pro_jpg.rf.rAknevi1mPpWeZCd6XGM.jpg,1920,1080,Pepsi,700,166,902,725
WIN_20260527_19_49_56_Pro_jpg.rf.xmtQCQDruHQTJfl9jzrQ.jpg,1920,1080,Pepsi,690,155,900,728
WIN_20260527_19_50_09_Pro_jpg.rf.pilLvtGzic8cPH8dKKIU.jpg,1920,1080,Pepsi,698,172,900,834
WIN_20260527_20_03_10_Pro_jpg.rf.qV28ly7Rpn8pSg6e65wV.jpg,1920,1080,Pepsi,574,135,802,818
WIN_20260527_20_02_57_Pro_jpg.rf.rgucYL19UeE3pPPMcOoW.jpg,1920,1080,Pepsi,1179,125,1416,869
WIN_20260527_20_02_22_Pro_jpg.rf.v0v6kguamKyWaid9qVZU.jpg,1920,1080,Pepsi,598,129,839,873
aug_WIN_20260527_19_57_19_Pro_jpg.rf.76ysJDFEqpZjIkrgrvtx.jpg,1920,1080,Pepsi,568,111,837,915
WIN_20260527_20_03_03_Pro_jpg.rf.vLtmIrZKDlx2SDOTaDVV.jpg,1920,1080,Pepsi,538,144,776,828
aug_WIN_20260527_19_56_26_Pro_jpg.rf.0uqHvBFfGVicdi45ffmX.jpg,1920,1080,Pepsi,509,189,698,809
WIN_20260527_20_03_07_Pro_jpg.rf.uzVIbQ5BF4xxj45fD4yU.jpg,1920,1080,Pepsi,793,92,1026,870
aug_WIN_20260527_19_57_05_Pro_jpg.rf.2Ika7bpk4DEN4MYUUFwx.jpg,1920,1080,Pepsi,575,110,839,773
WIN_20260527_20_03_02_Pro_jpg.rf.sG6OyXTTP0qXR9pkoSbH.jpg,1920,1080,Pepsi,501,150,743,835
WIN_20260527_19_49_24_Pro_jpg.rf.upDcc4GjhagNnwPCCnCe.jpg,1920,1080,Pepsi,380,602,1025,835
WIN_20260527_20_02_14_Pro_jpg.rf.0EzFAyxnufQmEiamE2ef.jpg,1920,1080,Pepsi,466,144,718,860
WIN_20260527_19_49_30_Pro_jpg.rf.pkkRCsgd7EGsZOzcizT5.jpg,1920,1080,Pepsi,502,619,880,922
WIN_20260527_20_02_06_Pro_jpg.rf.ATsAjxEiS09xKSw4m46M.jpg,1920,1080,Pepsi,415,572,599,665
WIN_20260527_20_02_06_Pro_jpg.rf.ATsAjxEiS09xKSw4m46M.jpg,1920,1080,Pepsi,384,174,586,544
WIN_20260527_20_01_34_Pro_jpg.rf.6Y8a319FbAXZSrZj95Us.jpg,1920,1080,Pepsi,853,129,1065,859
aug_WIN_20260527_19_55_59_Pro_jpg.rf.5N8037dwvZhAtjahFsD5.jpg,1920,1080,Pepsi,508,187,696,806
WIN_20260527_20_01_45_Pro_jpg.rf.3UVbUHibwYbRkd6mofMK.jpg,1920,1080,Pepsi,490,175,704,800
aug_WIN_20260527_19_55_16_Pro_jpg.rf.7qaQj2d98gG5nkY2xIxh.jpg,1920,1080,Pepsi,900,109,1145,947
WIN_20260527_20_02_07_Pro_jpg.rf.2UdpKtQnFQ9SwgnczTsJ.jpg,1920,1080,Pepsi,386,173,608,796
aug_WIN_20260527_19_55_53_Pro_jpg.rf.9bZxXo5LhIUxws9LzvUM.jpg,1920,1080,Pepsi,508,188,696,805
WIN_20260527_20_01_59_Pro (2)_jpg.rf.E0y7IJKrg5ccY3a79mSe.jpg,1920,1080,Pepsi,676,131,894,857
aug_WIN_20260527_19_55_11_Pro_jpg.rf.6DXyM4I63P46MTSg3Ym2.jpg,1920,1080,Pepsi,868,107,1119,958
aug_WIN_20260527_19_55_01_Pro_jpg.rf.GolTkMmHZyurin7Fk5Fn.jpg,1920,1080,Pepsi,787,117,1026,930
WIN_20260527_20_01_38_Pro_jpg.rf.9Cetgh7iNrJy8eMXZEMM.jpg,1920,1080,Pepsi,465,156,698,829
aug_WIN_20260527_19_55_21_Pro_jpg.rf.JcUbrPLe3i8P274yiIR0.jpg,1920,1080,Pepsi,879,105,1131,958
WIN_20260527_20_00_06_Pro_jpg.rf.7Qh4XP2A76FVmADwG2PC.jpg,1920,1080,Pepsi,853,131,1063,741
WIN_20260527_20_02_02_Pro_jpg.rf.I3ZciGkbeohxtEvMUR5E.jpg,1920,1080,Pepsi,852,166,1035,682
aug_WIN_20260527_19_54_56_Pro_jpg.rf.BHakm8gqYQhmWmlDRBSK.jpg,1920,1080,Pepsi,782,110,1032,939
WIN_20260527_20_01_43_Pro_jpg.rf.5HAnsXQTsTdyH2YArGMq.jpg,1920,1080,Pepsi,758,144,961,704
aug_WIN_20260527_19_55_15_Pro_jpg.rf.V04oCGhfM87Or6crvwmI.jpg,1920,1080,Pepsi,902,111,1146,947
WIN_20260527_20_01_42_Pro_jpg.rf.HIzOjD5JqmWVG46ERfT1.jpg,1920,1080,Pepsi,759,144,961,811
aug_WIN_20260527_19_56_18_Pro_jpg.rf.1awYeMUZirKlE9cMM0po.jpg,1920,1080,Pepsi,508,189,696,808
WIN_20260527_20_01_47_Pro_jpg.rf.OZbFYXc2e3Tt3qoW0sL2.jpg,1920,1080,Pepsi,363,146,632,877
aug_WIN_20260527_19_57_12_Pro_jpg.rf.OoUTYdVAWfAi4zTA4ZnL.jpg,1920,1080,Pepsi,576,111,839,761
WIN_20260527_20_00_01_Pro_jpg.rf.TfjNWUjW0IwXmbrXe2LL.jpg,1920,1080,Pepsi,867,128,1084,849
aug_WIN_20260527_19_55_05_Pro_jpg.rf.YVWtxeYjrqVTfpclPjf9.jpg,1920,1080,Pepsi,845,107,1092,959
WIN_20260527_20_02_09_Pro_jpg.rf.Ry19AUW0ifozjUC2vgDN.jpg,1920,1080,Pepsi,453,143,707,865
aug_WIN_20260527_19_57_01_Pro_jpg.rf.UwYPqYNVzpz6G5PRb8Yr.jpg,1920,1080,Pepsi,435,135,704,908
WIN_20260527_20_01_57_Pro_jpg.rf.fGajraf6wMEF6pDfC2uL.jpg,1920,1080,Pepsi,677,132,899,740
aug_WIN_20260527_19_56_33_Pro_jpg.rf.Y7QFtDkotio3IKKyDCAy.jpg,1920,1080,Pepsi,245,593,834,892
WIN_20260527_20_00_04_Pro_jpg.rf.fdoOWH5INqXGpMo2vPuc.jpg,1920,1080,Pepsi,871,128,1083,741
WIN_20260527_20_01_37_Pro_jpg.rf.PgaxofYL2iomcAfw7LRD.jpg,1920,1080,Pepsi,458,159,697,830
aug_WIN_20260527_19_56_58_Pro_jpg.rf.apMrwpecVKJZEvdPL7ye.jpg,1920,1080,Pepsi,436,135,703,906
WIN_20260527_20_01_52_Pro_jpg.rf.c0bpxNqf0RazK2i2PuYE.jpg,1920,1080,Pepsi,123,161,402,829
WIN_20260527_20_00_01_Pro (2)_jpg.rf.iGWLoai5jM5JOFWvRClk.jpg,1920,1080,Pepsi,867,129,1085,849
aug_WIN_20260527_19_55_47_Pro_jpg.rf.TOHOWCLyk1PyIKSRRdEY.jpg,1920,1080,Pepsi,506,189,697,809
WIN_20260527_20_03_23_Pro_jpg.rf.G03sYI5IQsGFTARx0nDV.jpg,1920,1080,Pepsi,1082,96,1329,861
aug_WIN_20260527_19_56_28_Pro_jpg.rf.jRQ6PoBgqRTcIA5fp7xX.jpg,1920,1080,Pepsi,511,190,698,807
WIN_20260527_20_00_05_Pro_jpg.rf.gjRIHO1SyYtD4LdlzNv6.jpg,1920,1080,Pepsi,850,132,1064,740
WIN_20260527_20_02_15_Pro_jpg.rf.HXaCfL97KGi4JByP6wIZ.jpg,1920,1080,Pepsi,469,143,719,857
aug_WIN_20260527_19_57_15_Pro_jpg.rf.eDWyKKXpzujISdZXihdL.jpg,1920,1080,Pepsi,569,112,835,917
WIN_20260527_20_01_40_Pro_jpg.rf.kErPCqXlsjVay0Z43iW2.jpg,1920,1080,Pepsi,636,113,875,909
WIN_20260527_20_01_59_Pro_jpg.rf.nSUd6JZIzcXa2UBHRHfr.jpg,1920,1080,Pepsi,679,131,894,856
aug_WIN_20260527_19_54_52_Pro_jpg.rf.cD4sXVUlX6q95uRKf3cg.jpg,1920,1080,Pepsi,770,108,1024,945
aug_WIN_20260527_19_56_16_Pro_jpg.rf.b0anE1zBAiVtdbRO1GvJ.jpg,1920,1080,Pepsi,509,188,696,809
WIN_20260527_20_01_44_Pro_jpg.rf.kBTucbocKZvqMZKLrcrs.jpg,1920,1080,Pepsi,489,175,704,800
WIN_20260527_20_00_08_Pro_jpg.rf.pgnhpZ5MIA1rlChJsCv3.jpg,1920,1080,Pepsi,852,127,1065,744
WIN_20260527_20_01_50_Pro_jpg.rf.r412kBbgI9np6xfHrwYS.jpg,1920,1080,Pepsi,815,136,1021,701
aug_WIN_20260527_19_56_04_Pro_jpg.rf.ZGQmv8wulJTvbQZk4TsT.jpg,1920,1080,Pepsi,509,186,696,807
aug_WIN_20260527_19_55_08_Pro_jpg.rf.lA4dTBdREfZzk3xWEFXs.jpg,1920,1080,Pepsi,882,109,1128,950
WIN_20260527_20_01_54_Pro_jpg.rf.yIjvwDI8ZRWOCbITMNov.jpg,1920,1080,Pepsi,122,162,396,744
WIN_20260527_20_01_39_Pro_jpg.rf.rl7UrxAMgfQGcJo08GcV.jpg,1920,1080,Pepsi,637,113,884,909
WIN_20260527_20_00_09_Pro_jpg.rf.sk79NzBDxu75F0AtF023.jpg,1920,1080,Pepsi,853,128,1065,740
aug_WIN_20260527_19_56_56_Pro_jpg.rf.nOZ6x8Z2jc950WcIbCPD.jpg,1920,1080,Pepsi,130,650,459,1014
WIN_20260527_20_02_04_Pro_jpg.rf.yKKXcV4Btk2wHuIFXKpc.jpg,1920,1080,Pepsi,854,166,1040,790
aug_WIN_20260527_19_55_02_Pro_jpg.rf.rIjffSAF9soiH18bs0pV.jpg,1920,1080,Pepsi,821,111,1065,938
aug_WIN_20260527_19_55_18_Pro_jpg.rf.zn5cv2rfCfz7nUgEWMGg.jpg,1920,1080,Pepsi,869,106,1123,967
aug_WIN_20260527_19_55_49_Pro_jpg.rf.jqRySZ7j74KEMzOCuRyZ.jpg,1920,1080,Pepsi,507,187,695,809
aug_WIN_20260527_19_57_03_Pro_jpg.rf.fhT5NuONzAguHQYLb0m4.jpg,1920,1080,Pepsi,514,118,788,938
WIN_20260527_19_48_04_Pro_jpg.rf.2i95KAUbP0rwPZQU5XzI.jpg,1920,1080,Pepsi,883,125,1124,947
WIN_20260527_19_48_10_Pro_jpg.rf.8ze9cajmFsIAE2U6AC3R.jpg,1920,1080,Pepsi,876,124,1117,951
WIN_20260527_19_48_39_Pro_jpg.rf.BXnUWFHPX3AZlIrHiUVf.jpg,1920,1080,Pepsi,420,623,997,932
WIN_20260527_19_48_07_Pro_jpg.rf.0n621vggPJJs7Y612RI5.jpg,1920,1080,Pepsi,896,125,1134,938
WIN_20260527_19_48_28_Pro_jpg.rf.DvzkGjPzSNGxTFvUoWYp.jpg,1920,1080,Pepsi,895,125,1136,946
WIN_20260527_19_47_54_Pro_jpg.rf.7Uh396PuC9OrXIiRc3VE.jpg,1920,1080,Pepsi,831,116,1084,977
WIN_20260527_19_48_45_Pro_jpg.rf.CavnsHbbVrJlI55LSNx5.jpg,1920,1080,Pepsi,744,621,1210,926
WIN_20260527_19_47_36_Pro_jpg.rf.DbH2tw2OpXgnWDkcvvHT.jpg,1920,1080,Pepsi,859,119,1104,961
WIN_20260527_19_47_24_Pro_jpg.rf.BzW0bXsBfFOc0cJlWgea.jpg,1920,1080,Pepsi,861,112,1123,990
WIN_20260527_19_48_33_Pro_jpg.rf.DAFAHtTYIIDSnLN8Eauw.jpg,1920,1080,Pepsi,879,121,1126,964
WIN_20260527_19_48_23_Pro_jpg.rf.GZlLE7tqZQHRWsxX2r8N.jpg,1920,1080,Pepsi,863,125,1104,944
aug_WIN_20260527_19_56_12_Pro_jpg.rf.tRV2hvtqPiMTeXXDJaNa.jpg,1920,1080,Pepsi,508,189,697,806
WIN_20260527_19_47_13_Pro_jpg.rf.UGZw9iwAd4LSLgFTKf68.jpg,1920,1080,Pepsi,823,113,1082,991
WIN_20260527_19_47_30_Pro_jpg.rf.GsoDGpHyddniNjswEQWt.jpg,1920,1080,Pepsi,884,118,1136,972
WIN_20260527_19_48_18_Pro_jpg.rf.D8qcA4Gu1fZuYaeKtWEs.jpg,1920,1080,Pepsi,857,125,1098,945
WIN_20260527_19_47_21_Pro_jpg.rf.OU05jgIt8lbxxlwAAgK9.jpg,1920,1080,Pepsi,863,113,1120,981
WIN_20260527_19_47_26_Pro_jpg.rf.JTSZDDXMIqfNJWaFEVuA.jpg,1920,1080,Pepsi,883,117,1135,970
WIN_20260527_19_47_17_Pro_jpg.rf.THWcXeYZp2yQ2bgTEJ1G.jpg,1920,1080,Pepsi,853,114,1109,984
WIN_20260527_19_48_31_Pro_jpg.rf.YexYVxjp7DA0E439WmH5.jpg,1920,1080,Pepsi,870,124,1112,950
WIN_20260527_19_47_02_Pro_jpg.rf.cMYcNmIEomHTLeIwy7BD.jpg,1920,1080,Pepsi,743,111,1011,992
WIN_20260527_19_47_11_Pro_jpg.rf.XrF1ctl9JLeRQJ4P4VK6.jpg,1920,1080,Pepsi,796,110,1052,988
WIN_20260527_19_48_26_Pro_jpg.rf.g7t0Y715sNX0VkFr3iST.jpg,1920,1080,Pepsi,880,124,1124,950
WIN_20260527_19_47_47_Pro_jpg.rf.G7B9txXPMuklEtaKjjBx.jpg,1920,1080,Pepsi,819,114,1073,980
WIN_20260527_19_47_57_Pro_jpg.rf.hN9CXAiQadtSK27Qx7Sf.jpg,1920,1080,Pepsi,851,119,1098,961
WIN_20260527_19_48_14_Pro_jpg.rf.cX8bBfog3RTH4Lu47M75.jpg,1920,1080,Pepsi,870,124,1110,946
WIN_20260527_19_47_43_Pro_jpg.rf.vdoJnAXa9MkMSMPuCKR7.jpg,1920,1080,Pepsi,793,116,1042,976
WIN_20260527_19_48_39_Pro (2)_jpg.rf.mTjNlifCP5hgOcRr9aKD.jpg,1920,1080,Pepsi,421,625,996,929
WIN_20260527_19_47_51_Pro_jpg.rf.yqiiyNK0hbYve9aMg3lA.jpg,1920,1080,Pepsi,841,117,1089,973
aug_WIN_20260527_19_52_57_Pro_jpg.rf.3beyEnLY9pLKx5bQuI2J.jpg,1920,1080,Pepsi,1461,99,1752,960
WIN_20260527_19_48_01_Pro_jpg.rf.luWZjC2avPKhumhZZN1s.jpg,1920,1080,Pepsi,864,125,1105,949
aug_WIN_20260527_19_53_25_Pro_jpg.rf.BSilx0a5gXpnt2dFatbm.jpg,1920,1080,Pepsi,1473,103,1763,944
WIN_20260527_19_47_39_Pro_jpg.rf.piGNCw60wsMq98a9NGdY.jpg,1920,1080,Pepsi,778,117,1027,966
aug_WIN_20260527_19_53_13_Pro_jpg.rf.IRwxWObyPaDNuiMpViHV.jpg,1920,1080,Pepsi,1503,96,1801,965
aug_WIN_20260527_19_52_12_Pro_jpg.rf.CjSnRiFSv2a6Uww316mr.jpg,1920,1080,Pepsi,1462,96,1761,965
aug_WIN_20260527_19_52_42_Pro_jpg.rf.MT1IGwtVAEDWaQpcXyGr.jpg,1920,1080,Pepsi,1446,101,1737,959
WIN_20260527_19_48_35_Pro_jpg.rf.t7S2PiAZwPRBl004F4Gn.jpg,1920,1080,Pepsi,893,114,1146,975
aug_WIN_20260527_19_53_00_Pro_jpg.rf.GFWjhOuxn0NR4JDsHaJt.jpg,1920,1080,Pepsi,1466,100,1756,956
aug_WIN_20260527_19_53_08_Pro_jpg.rf.Ih8Y8iCQisLAbPnFNS6X.jpg,1920,1080,Pepsi,1481,100,1770,955
aug_WIN_20260527_19_52_29_Pro_jpg.rf.Me3VzSgNIjowgZd2PujZ.jpg,1920,1080,Pepsi,1419,100,1715,957
aug_WIN_20260527_19_52_05_Pro_jpg.rf.IRtJWC9WrubfPiMGNgOk.jpg,1920,1080,Pepsi,1434,102,1724,951
aug_WIN_20260527_19_51_53_Pro_jpg.rf.MWTPMBdoLhaZMPXOwM2e.jpg,1920,1080,Pepsi,1422,94,1726,975
aug_WIN_20260527_19_53_10_Pro_jpg.rf.On3XJyiA2ozQCvvSbrhz.jpg,1920,1080,Pepsi,1484,100,1777,953
aug_WIN_20260527_19_51_41_Pro_jpg.rf.Wy7NNapNlc9T1NXJVDkC.jpg,1920,1080,Pepsi,1390,98,1690,978
aug_WIN_20260527_19_52_50_Pro_jpg.rf.BSw9AR5rwzBK8gU6vtLd.jpg,1920,1080,Pepsi,1450,102,1735,954
aug_WIN_20260527_19_52_40_Pro_jpg.rf.W1J38Xu1Gv9ig4DecwsR.jpg,1920,1080,Pepsi,1446,99,1739,961
aug_WIN_20260527_19_52_08_Pro_jpg.rf.TJHFvpCsUiLFlA20L58o.jpg,1920,1080,Pepsi,1461,95,1919,973
aug_WIN_20260527_19_51_31_Pro_jpg.rf.Yr5B5B1anlFk5XEjV9Zy.jpg,1920,1080,Pepsi,245,105,589,1074
aug_WIN_20260527_19_53_19_Pro_jpg.rf.YF4lEevegtGBzHprHIQw.jpg,1920,1080,Pepsi,1466,102,1757,947
aug_WIN_20260527_19_52_26_Pro_jpg.rf.tQoMwQ1tc5WYgiwZcetG.jpg,1920,1080,Pepsi,1486,97,1784,960
aug_WIN_20260527_19_52_20_Pro_jpg.rf.YpwXE3OGqFhVZPx1Fmrs.jpg,1920,1080,Pepsi,1484,94,1919,969
aug_WIN_20260527_19_51_26_Pro_jpg.rf.uIL9YFvBoDxOSuNxGmY8.jpg,1920,1080,Pepsi,229,108,572,1068
aug_WIN_20260527_19_52_16_Pro_jpg.rf.i9MYwZzlbOdBe3g5jeIn.jpg,1920,1080,Pepsi,1463,96,1786,970
aug_WIN_20260527_19_52_33_Pro_jpg.rf.nFihjDESpkK9iAQFg9eg.jpg,1920,1080,Pepsi,1460,95,1761,967
aug_WIN_20260527_19_51_33_Pro_jpg.rf.wp2f4mfcXzZbkTK6Cp9J.jpg,1920,1080,Pepsi,227,108,569,1066
aug_WIN_20260527_19_52_01_Pro_jpg.rf.ZTRDTZtr54b6Mgg4dilM.jpg,1920,1080,Pepsi,1441,93,1743,976
aug_WIN_20260527_19_52_47_Pro_jpg.rf.vtkgzNJBZ8qtJWTJ21FG.jpg,1920,1080,Pepsi,1439,105,1725,948
aug_WIN_20260527_19_52_37_Pro_jpg.rf.mxE7D3iAMHjJJYxrq25m.jpg,1920,1080,Pepsi,1438,99,1736,955
aug_WIN_20260527_19_51_50_Pro_jpg.rf.WcC9sMY1kD46rDB6w2uz.jpg,1920,1080,Pepsi,1420,95,1720,973
aug_WIN_20260527_19_51_35_Pro_jpg.rf.QwaMKRVFTaYwEx1omJKT.jpg,1920,1080,Pepsi,230,113,569,1066
WIN_20260527_19_53_59_Pro_jpg.rf.0dO4KFwEJNqbRtJeFrw4.jpg,1920,1080,Pepsi,747,91,1036,1048
aug_WIN_20260527_19_52_23_Pro_jpg.rf.xKMhvvPFY35GijBOfT1k.jpg,1920,1080,Pepsi,1485,95,1797,965
WIN_20260527_19_53_26_Pro_jpg.rf.830uOw4SKtbiz7YBC5Xh.jpg,1920,1080,Pepsi,1473,103,1762,944
WIN_20260527_19_57_05_Pro_jpg.rf.4Py2oV2cxz0ZLW2vq255.jpg,1920,1080,Pepsi,575,110,839,772
WIN_20260527_19_57_01_Pro_jpg.rf.Fjm7UXc5fXAnuNfJChim.jpg,1920,1080,Pepsi,436,137,704,908
WIN_20260527_19_54_37_Pro_jpg.rf.EuDqoWiABmBF6FOKMJJy.jpg,1920,1080,Pepsi,766,118,1009,917
aug_WIN_20260527_19_53_16_Pro_jpg.rf.z8jRmTtov9XmBeMWSsNr.jpg,1920,1080,Pepsi,1478,100,1771,954
WIN_20260527_19_54_03_Pro_jpg.rf.EnvWdHmb8GVyfi5iMN5z.jpg,1920,1080,Pepsi,714,87,1016,1059
WIN_20260527_19_54_01_Pro_jpg.rf.FVRC5veAxOEBbnrEwA9Y.jpg,1920,1080,Pepsi,730,95,1022,1056
aug_WIN_20260527_19_40_10_Pro_jpg.rf.2S69qyBxnNgsRMjc25LY.jpg,1920,1080,Salvietti,711,263,949,734
aug_WIN_20260527_19_39_34_Pro_jpg.rf.Tv8s0g2lSbwD2gsOVLOL.jpg,1920,1080,Salvietti,818,239,1085,956
aug_WIN_20260527_19_40_03_Pro_jpg.rf.2tnH9Fdwv62qd6myohiV.jpg,1920,1080,Salvietti,618,268,866,726
aug_WIN_20260527_19_40_38_Pro_jpg.rf.4TxiElMk2SIqeIEYmyIt.jpg,1920,1080,Salvietti,498,274,761,746
aug_WIN_20260527_19_35_12_Pro_jpg.rf.08SWXAqrUTrHwHzr9vN4.jpg,1920,1080,Salvietti,857,200,1100,848
aug_WIN_20260527_19_40_44_Pro (2)_jpg.rf.8AUxYch1t56tHMzRVKh1.jpg,1920,1080,Salvietti,506,273,780,941
aug_WIN_20260527_19_40_47_Pro_jpg.rf.4qFI2g0oiIEfE5Kc2xAg.jpg,1920,1080,Salvietti,545,256,880,1079
aug_WIN_20260527_19_37_54_Pro_jpg.rf.Tx9kEigLrQr00B0pL7cO.jpg,1920,1080,Salvietti,725,279,942,812
aug_WIN_20260527_19_32_37_Pro_jpg.rf.0eR6Kzh1GfOtYv8nHkEX.jpg,1920,1080,Salvietti,845,204,1064,764
aug_WIN_20260527_19_40_17_Pro_jpg.rf.Db0XxL55QKzvWsCjJ6Ff.jpg,1920,1080,Salvietti,703,257,947,736
aug_WIN_20260527_19_31_49_Pro_jpg.rf.0JUeBIJpwOGMhG2obKqV.jpg,1920,1080,Salvietti,1312,193,1592,864
aug_WIN_20260527_19_39_52_Pro_jpg.rf.E5PCnmvPPf9KMnE8hEpX.jpg,1920,1080,Salvietti,818,239,1099,983
aug_WIN_20260527_19_31_46_Pro_jpg.rf.1atI9pXkKwxHzobNgU2c.jpg,1920,1080,Salvietti,1320,196,1595,859
aug_WIN_20260527_19_34_05_Pro_jpg.rf.3SoD1zDsO2PXteXdnE2L.jpg,1920,1080,Salvietti,1411,202,1696,880
WIN_20260527_19_22_29_Pro_jpg.rf.Pcl3N3rWkq5Ovfs3CA6s.jpg,1920,1080,Salvietti,662,180,920,873
WIN_20260527_19_24_25_Pro_jpg.rf.RkHPrMqv336FItiueVVs.jpg,1920,1080,Salvietti,171,175,450,843
aug_WIN_20260527_19_33_10_Pro_jpg.rf.5uS9FjvyxuWYuHlxMRku.jpg,1920,1080,Salvietti,946,204,1156,761
aug_WIN_20260527_19_35_40_Pro_jpg.rf.4dEGDRGNvs1dRGh9ROg2.jpg,1920,1080,Salvietti,932,183,1211,950
WIN_20260527_19_23_43_Pro_jpg.rf.TZADUHjVdiC00G9moKEe.jpg,1920,1080,Salvietti,88,159,415,967
WIN_20260527_19_31_01_Pro_jpg.rf.N2zJmzw613UEc54Xt8SX.jpg,1920,1080,Salvietti,490,202,716,797
aug_WIN_20260527_19_40_29_Pro_jpg.rf.FUhg2RR4CSnC2XwQVP2c.jpg,1920,1080,Salvietti,481,281,743,743
aug_WIN_20260527_19_33_50_Pro_jpg.rf.PNFILzid23iaDqE0TJ3e.jpg,1920,1080,Salvietti,1461,206,1762,873
WIN_20260527_19_23_09_Pro_jpg.rf.WgkyXjPKJmRgUH6nzwsl.jpg,1920,1080,Salvietti,1242,235,1488,842
aug_WIN_20260527_19_32_56_Pro_jpg.rf.Pswc3f3kUjTITEoSO4W7.jpg,1920,1080,Salvietti,888,208,1090,754
aug_WIN_20260527_19_31_18_Pro_jpg.rf.Qa0lMHXsBVIxHncf0XBQ.jpg,1920,1080,Salvietti,1320,197,1596,860
WIN_20260527_19_32_51_Pro_jpg.rf.NjBj6aRNRJtqJp57ZIDm.jpg,1920,1080,Salvietti,863,199,1081,755
WIN_20260527_19_22_49_Pro_jpg.rf.aAhkhqHL2QHC195TnNkx.jpg,1920,1080,Salvietti,659,181,918,840
aug_WIN_20260527_19_35_18_Pro_jpg.rf.S9DaKmq6rRksL7t4oELw.jpg,1920,1080,Salvietti,922,189,1205,939
WIN_20260527_19_31_59_Pro_jpg.rf.QmvbqEjdTQ750R9LpCcg.jpg,1920,1080,Salvietti,1364,203,1634,847
WIN_20260527_19_22_13_Pro_jpg.rf.ceLfSHWRFwPamoSvCSeQ.jpg,1920,1080,Salvietti,727,191,972,835
aug_WIN_20260527_19_31_42_Pro_jpg.rf.Ty2IQhxbJJbP2VGfFQ1d.jpg,1920,1080,Salvietti,1320,196,1596,861
WIN_20260527_19_23_06_Pro_jpg.rf.fOzfGz2hjtFiR74YMBkG.jpg,1920,1080,Salvietti,778,500,852,629
aug_WIN_20260527_19_35_44_Pro_jpg.rf.S6fl8YHwGwqLtvqLJ17s.jpg,1920,1080,Salvietti,935,190,1209,923
aug_WIN_20260527_19_40_37_Pro_jpg.rf.HOgQsLmIGv6fmysZMGWO.jpg,1920,1080,Salvietti,482,274,747,743
aug_WIN_20260527_19_32_13_Pro_jpg.rf.73aUBh1rNjwea1DXxFCP.jpg,1920,1080,Salvietti,387,196,621,784
WIN_20260527_19_24_14_Pro_jpg.rf.5Pl806alUAVLaYNmY8kb.jpg,1920,1080,Salvietti,184,175,467,852
aug_WIN_20260527_19_40_34_Pro_jpg.rf.MHnHWKYtpCkTtjLWYJOF.jpg,1920,1080,Salvietti,492,277,756,744
WIN_20260527_19_11_58_Pro_jpg.rf.0ZifKulciH2YFvrSCTPQ.jpg,1920,1080,Salvietti,864,241,1130,955
WIN_20260527_19_24_00_Pro_jpg.rf.01UuS2r6hL17wp7s3kE9.jpg,1920,1080,Salvietti,137,170,430,866
WIN_20260527_19_11_00_Pro_jpg.rf.3wdzAhta0AM8RbvnKmG2.jpg,1920,1080,Salvietti,780,249,1023,915
WIN_20260527_19_33_00_Pro_jpg.rf.S6RQCAbfNQAqAxkUgp3f.jpg,1920,1080,Salvietti,907,206,1109,755
WIN_20260527_19_21_59_Pro_jpg.rf.iUreKuQr1S4KiLw2ZhdD.jpg,1920,1080,Salvietti,727,443,951,632
aug_WIN_20260527_19_35_52_Pro_jpg.rf.TgDibFaa2DrikW8Tr7Yz.jpg,1920,1080,Salvietti,935,183,1206,933
aug_WIN_20260527_19_40_40_Pro_jpg.rf.GIB4swJ1KgSPOIJSS79N.jpg,1920,1080,Salvietti,497,275,760,745
WIN_20260527_19_19_50_Pro_jpg.rf.6Wf4mOt0Gwp2u1OUNNTI.jpg,1920,1080,Salvietti,1417,239,1716,921
WIN_20260527_19_11_12_Pro_jpg.rf.5OLhhofBf68C8z2og4xc.jpg,1920,1080,Salvietti,779,243,1031,935
WIN_20260527_19_23_38_Pro_jpg.rf.nkhEFmnPgkgPOa47VdJg.jpg,1920,1080,Salvietti,1273,238,1530,836
WIN_20260527_19_17_37_Pro_jpg.rf.8m19HbOV2OxoEXOZvYaY.jpg,1920,1080,Salvietti,526,165,798,914
aug_WIN_20260527_19_32_18_Pro_jpg.rf.6cGyPjhHKDeFks8oHq5Q.jpg,1920,1080,Salvietti,386,200,619,793
WIN_20260527_19_22_26_Pro_jpg.rf.rRWaNmMX1GfUeYwstYZa.jpg,1920,1080,Salvietti,659,181,919,876
WIN_20260527_19_19_32_Pro_jpg.rf.B1oLHAbqWhzFzPUdVFT2.jpg,1920,1080,Salvietti,1323,235,1609,904
WIN_20260527_19_31_18_Pro_jpg.rf.WfHjgS8dsaSukxspRlaz.jpg,1920,1080,Salvietti,1322,196,1597,860
WIN_20260527_19_22_20_Pro_jpg.rf.pZg44wGlGkJHWkrdZOob.jpg,1920,1080,Salvietti,682,179,943,876
WIN_20260527_19_30_47_Pro_jpg.rf.WwNJsdh6TC0xWFB0ChbQ.jpg,1920,1080,Salvietti,486,203,716,800
WIN_20260527_19_12_54_Pro_jpg.rf.7qjNnFDkB8KK5S1Ew2bm.jpg,1920,1080,Salvietti,969,218,1223,923
WIN_20260527_19_10_15_Pro_jpg.rf.6j3rPnnCtSw7zUnGLrD2.jpg,1920,1080,Salvietti,511,247,855,1079
WIN_20260527_19_22_18_Pro_jpg.rf.txKr5aAGxFctxHUnd2Sk.jpg,1920,1080,Salvietti,683,180,943,878
WIN_20260527_19_22_18_Pro_jpg.rf.txKr5aAGxFctxHUnd2Sk.jpg,1920,1080,Salvietti,682,180,945,876
WIN_20260527_19_22_18_Pro_jpg.rf.txKr5aAGxFctxHUnd2Sk.jpg,1920,1080,Salvietti,756,178,893,311
aug_WIN_20260527_19_36_00_Pro_jpg.rf.7egcpjzxtgczpv7XVpjZ.jpg,1920,1080,Salvietti,925,186,1210,962
WIN_20260527_19_24_05_Pro_jpg.rf.xtCWm9oDsdwsHv7HshAK.jpg,1920,1080,Salvietti,202,177,467,837
WIN_20260527_19_32_18_Pro_jpg.rf.XKcywZYc1yS5meYEwLVp.jpg,1920,1080,Salvietti,387,200,623,790
aug_WIN_20260527_19_32_07_Pro_jpg.rf.A2HFu0cFqTSFmSWaeow5.jpg,1920,1080,Salvietti,476,204,703,773
WIN_20260527_19_22_51_Pro_jpg.rf.vOW19dg14xWMvOv7nHFv.jpg,1920,1080,Salvietti,660,180,919,838
WIN_20260527_19_12_28_Pro_jpg.rf.6OzUPzOxwDI1jdDjIvsV.jpg,1920,1080,Salvietti,870,223,1131,935
WIN_20260527_19_19_25_Pro_jpg.rf.BEC0QTquNJnG0ZrIfRmT.jpg,1920,1080,Salvietti,973,495,1197,1058
WIN_20260527_19_23_02_Pro_jpg.rf.xzzZaKiyvjmZxd6AATJq.jpg,1920,1080,Salvietti,660,182,917,851
WIN_20260527_19_12_21_Pro_jpg.rf.BYy7fYjvE7hRMwIV5xJD.jpg,1920,1080,Salvietti,865,223,1125,941
aug_WIN_20260527_19_13_51_Pro_jpg.rf.0c6sUHtZFJAZXdQgl9fs.jpg,1920,1080,Salvietti,861,582,1389,833
WIN_20260527_19_11_36_Pro_jpg.rf.EYsDzBqQDbSwpV7k03Rf.jpg,1920,1080,Salvietti,865,243,1127,957
aug_WIN_20260527_19_40_22_Pro_jpg.rf.Jqm5pNFmCfQkcapuNt4G.jpg,1920,1080,Salvietti,716,256,968,737
WIN_20260527_19_24_27_Pro_jpg.rf.8q1w3KOfOurXMbVQWH5W.jpg,1920,1080,Salvietti,172,175,450,797
WIN_20260527_19_12_08_Pro_jpg.rf.GIDLicjothbWwh2ztMZg.jpg,1920,1080,Salvietti,893,245,1156,970
WIN_20260527_19_22_30_Pro_jpg.rf.8AfKagvDJFJFOxZLcUBt.jpg,1920,1080,Salvietti,661,181,920,871
WIN_20260527_19_12_24_Pro_jpg.rf.I1gKuJV2gUOxgut0QiPx.jpg,1920,1080,Salvietti,874,223,1131,935
WIN_20260527_19_17_42_Pro_jpg.rf.CQgtzjDWWMJSP8sqxAIx.jpg,1920,1080,Salvietti,576,170,844,901
aug_WIN_20260527_19_34_00_Pro_jpg.rf.A9NCVjh08bXShwyeCcaZ.jpg,1920,1080,Salvietti,1456,202,1758,900
WIN_20260527_19_19_46_Pro_jpg.rf.EVo8hiv63iJLAsUYvEMf.jpg,1920,1080,Salvietti,1402,238,1695,919
aug_WIN_20260527_19_13_08_Pro_jpg.rf.227icKvB1r9xbG8xrx13.jpg,1920,1080,Salvietti,1049,222,1301,907
WIN_20260527_19_17_59_Pro_jpg.rf.Jq6BFFPTJj3ae8guwytk.jpg,1920,1080,Salvietti,509,164,782,911
aug_WIN_20260527_19_12_15_Pro_jpg.rf.1iWMwyAXpHKoXcZI3Z9I.jpg,1920,1080,Salvietti,844,221,1113,957
WIN_20260527_19_19_37_Pro_jpg.rf.G5GEuVsjylnOnx92gJOi.jpg,1920,1080,Salvietti,1385,237,1671,910
aug_WIN_20260527_19_13_34_Pro_jpg.rf.2Fbud2X39dNPPyePT5UI.jpg,1920,1080,Salvietti,993,609,1544,900
WIN_20260527_19_11_28_Pro_jpg.rf.NV6eNNJBVomjzXTl61oC.jpg,1920,1080,Salvietti,837,239,1095,952
WIN_20260527_19_32_25_Pro_jpg.rf.ZPjlowCgN2eZ2xaDfPji.jpg,1920,1080,Salvietti,419,196,664,813
WIN_20260527_19_11_15_Pro_jpg.rf.J6ezjikAtx3MCAs6DcLz.jpg,1920,1080,Salvietti,799,241,1051,938
aug_WIN_20260527_19_11_31_Pro_jpg.rf.2xQM4vht2HMzFU5RdMHl.jpg,1920,1080,Salvietti,852,240,1109,953
WIN_20260527_19_12_11_Pro_jpg.rf.WIP38DXPXWPtxCmjKvrN.jpg,1920,1080,Salvietti,818,219,1086,967
WIN_20260527_19_18_26_Pro_jpg.rf.LHGK09GZxHKFdWIbpHyp.jpg,1920,1080,Salvietti,745,496,963,1079
WIN_20260527_19_23_13_Pro_jpg.rf.9lsMyYW0TnVBm0W0Gh4B.jpg,1920,1080,Salvietti,1241,233,1489,845
aug_WIN_20260527_19_32_51_Pro_jpg.rf.B0Is37vbtyCTjR6r4nbS.jpg,1920,1080,Salvietti,862,200,1080,754
WIN_20260527_19_23_15_Pro_jpg.rf.A3nTtsrUhq8ZnaVTxBk6.jpg,1920,1080,Salvietti,1225,234,1484,833
aug_WIN_20260527_19_35_34_Pro_jpg.rf.B9OIqbEwtsVPyYP1v66N.jpg,1920,1080,Salvietti,968,256,1253,949
aug_WIN_20260527_19_13_37_Pro_jpg.rf.33Rt7UWeUZzHhCdDmtVO.jpg,1920,1080,Salvietti,875,609,1462,925
WIN_20260527_19_18_02_Pro_jpg.rf.P3N4cMpCXo1YcF8sXikH.jpg,1920,1080,Salvietti,549,167,816,905
aug_WIN_20260527_19_36_06_Pro_jpg.rf.BZEix7blHCJ32qJW4TsS.jpg,1920,1080,Salvietti,603,635,1353,938
WIN_20260527_19_32_04_Pro_jpg.rf.h2DKK2yQJimfgIrQw0JA.jpg,1920,1080,Salvietti,1369,203,1640,848
aug_WIN_20260527_19_10_40_Pro_jpg.rf.64qW4Tpx5aIbi483nrVH.jpg,1920,1080,Salvietti,375,236,653,971
WIN_20260527_19_31_12_Pro_jpg.rf.gcUNvSWELYXQHNb8EGAC.jpg,1920,1080,Salvietti,498,201,735,803
WIN_20260527_19_31_12_Pro_jpg.rf.gcUNvSWELYXQHNb8EGAC.jpg,1920,1080,Salvietti,498,201,737,803
WIN_20260527_19_10_40_Pro_jpg.rf.Y1WoXabQge5Fc8ptsLOZ.jpg,1920,1080,Salvietti,377,236,653,971
aug_WIN_20260527_19_12_45_Pro_jpg.rf.6qSZhOsImjGdDXW2lDbO.jpg,1920,1080,Salvietti,936,226,1189,924
WIN_20260527_19_10_49_Pro_jpg.rf.dtNForeElJ2pCrLfmXBc.jpg,1920,1080,Salvietti,597,248,841,894
WIN_20260527_19_20_05_Pro_jpg.rf.Qhx1iXy8z1TjI2X4FGZZ.jpg,1920,1080,Salvietti,1411,243,1698,914
WIN_20260527_19_10_42_Pro_jpg.rf.a3VhxBoGGNnsyfViDWR9.jpg,1920,1080,Salvietti,659,251,886,865
WIN_20260527_19_23_27_Pro_jpg.rf.AZCSQmNKiypJsdSLas2N.jpg,1920,1080,Salvietti,1274,239,1530,834
WIN_20260527_19_10_32_Pro_jpg.rf.ZxdRjbSmTcCFUQwrZVat.jpg,1920,1080,Salvietti,724,269,940,850
aug_WIN_20260527_19_30_37_Pro_jpg.rf.CTx5nGsc4DIRKNO5ksJU.jpg,1920,1080,Salvietti,488,202,716,800
WIN_20260527_19_17_45_Pro_jpg.rf.UO1ZVh798P6ONDPtyD0f.jpg,1920,1080,Salvietti,557,168,824,905
WIN_20260527_19_30_40_Pro_jpg.rf.jAtYjJs0X7sql2LbG3pX.jpg,1920,1080,Salvietti,492,204,714,799
aug_WIN_20260527_19_13_04_Pro_jpg.rf.1PjxK1p5ypfueJBQBTka.jpg,1920,1080,Salvietti,1038,222,1289,907
aug_WIN_20260527_19_36_08_Pro_jpg.rf.EQ0qoJJaViifCOzoIt2b.jpg,1920,1080,Salvietti,709,601,1225,995
WIN_20260527_19_32_56_Pro_jpg.rf.aP4TOrwXDbrIYAe8ZejJ.jpg,1920,1080,Salvietti,890,207,1090,755
aug_WIN_20260527_19_11_00_Pro_jpg.rf.Bne64wWzTkCNXjMwfAxH.jpg,1920,1080,Salvietti,781,249,1023,915
WIN_20260527_19_11_08_Pro_jpg.rf.eOLgRsbyRInHNxzSkQcL.jpg,1920,1080,Salvietti,762,243,1009,931
WIN_20260527_19_32_48_Pro_jpg.rf.cXYVOD5z08jeRnPyKbS5.jpg,1920,1080,Salvietti,853,200,1074,752
WIN_20260527_19_32_07_Pro_jpg.rf.kWrECuWFALDWQXdTdz0n.jpg,1920,1080,Salvietti,476,204,704,773
WIN_20260527_19_40_47_Pro_jpg.rf.CsHdNAdO2zNpz6FfKlbc.jpg,1920,1080,Salvietti,544,255,880,1079
WIN_20260527_19_11_25_Pro_jpg.rf.IxeTMdraopB2r10pfS9J.jpg,1920,1080,Salvietti,816,241,1073,940
aug_WIN_20260527_19_11_03_Pro_jpg.rf.99f95oxroNWHUmxRmGJC.jpg,1920,1080,Salvietti,750,245,1001,928
WIN_20260527_19_12_36_Pro_jpg.rf.ebYLJOL6fHgMJByQFbTA.jpg,1920,1080,Salvietti,891,223,1143,926
aug_WIN_20260527_19_14_34_Pro_jpg.rf.ACFSqaUcr2Jgzcd0oacj.jpg,1920,1080,Salvietti,909,577,1490,817
WIN_20260527_19_10_45_Pro_jpg.rf.gQuc0PHIdTnX0oNKRcr3.jpg,1920,1080,Salvietti,635,251,867,879
WIN_20260527_19_11_31_Pro_jpg.rf.fHqTAAuod7TOqvbZh0T3.jpg,1920,1080,Salvietti,851,240,1109,953
WIN_20260527_19_20_01_Pro_jpg.rf.YYeKwRqqel4IUuAiEZg5.jpg,1920,1080,Salvietti,1411,241,1709,915
aug_WIN_20260527_19_10_49_Pro_jpg.rf.EE0kZRUUYtZa60QNUXsq.jpg,1920,1080,Salvietti,598,247,841,895
WIN_20260527_19_11_03_Pro_jpg.rf.f6YtBkVjsUnMokozzaxV.jpg,1920,1080,Salvietti,750,245,1000,928
aug_WIN_20260527_19_13_25_Pro_jpg.rf.7U15Hd1iVJGO2mm2p3cG.jpg,1920,1080,Salvietti,999,616,1745,880
WIN_20260527_19_31_16_Pro_jpg.rf.lFcKsOmW4UeVCc4UYKHc.jpg,1920,1080,Salvietti,1529,219,1811,808
WIN_20260527_19_10_51_Pro_jpg.rf.i8m9RCrKcwJrE4n9QD9o.jpg,1920,1080,Salvietti,770,248,1009,909
WIN_20260527_19_32_53_Pro_jpg.rf.kWK3YCQ4dXCpitXV7GoN.jpg,1920,1080,Salvietti,888,207,1092,755
aug_WIN_20260527_19_13_05_Pro_jpg.rf.EX2IdgAKNRzbTSi0kF9U.jpg,1920,1080,Salvietti,1050,221,1300,906
aug_WIN_20260527_19_35_23_Pro_jpg.rf.CU3lWOU6ffEoFCaNeXb2.jpg,1920,1080,Salvietti,903,186,1190,962
WIN_20260527_19_17_55_Pro_jpg.rf.Z9fP3FGNwmO2BDwgPAcJ.jpg,1920,1080,Salvietti,509,163,784,911
aug_WIN_20260527_19_12_28_Pro_jpg.rf.RYa29bLq7ZYQE0vNfT13.jpg,1920,1080,Salvietti,871,223,1132,936
WIN_20260527_19_10_56_Pro_jpg.rf.kQRX8d9SLjWqLmp1g2Ko.jpg,1920,1080,Salvietti,769,250,1009,910
WIN_20260527_19_17_51_Pro_jpg.rf.ddYnRSJ7CgFCfnSYNUM4.jpg,1920,1080,Salvietti,549,167,820,907
WIN_20260527_19_22_44_Pro_jpg.rf.F7nmtB00z09uXA2hB8Iu.jpg,1920,1080,Salvietti,662,181,920,866
WIN_20260527_19_12_33_Pro_jpg.rf.sJouZHvwVpRevCRU7h6N.jpg,1920,1080,Salvietti,864,223,1122,940
WIN_20260527_19_19_43_Pro_jpg.rf.a0YZAadxgc9ewZtgeH0Y.jpg,1920,1080,Salvietti,1423,238,1718,924
aug_WIN_20260527_19_13_16_Pro_jpg.rf.HqDygddWyg1xASSMoIF6.jpg,1920,1080,Salvietti,1043,224,1287,886
WIN_20260527_19_11_02_Pro_jpg.rf.x5MdnGTD8xHjVu3dCTcA.jpg,1920,1080,Salvietti,782,248,1026,917
WIN_20260527_19_11_21_Pro_jpg.rf.w7EeiMjRBzeaoSyDaE7K.jpg,1920,1080,Salvietti,809,241,1063,937
WIN_20260527_19_17_14_Pro_jpg.rf.iWM6A4iWwgAPSbliHmX1.jpg,1920,1080,Salvietti,363,178,661,958
WIN_20260527_19_19_17_Pro_jpg.rf.q1RJJe7T7dyNMj61vcfu.jpg,1920,1080,Salvietti,1368,542,1587,1075
aug_WIN_20260527_19_12_36_Pro_jpg.rf.FfRsOYw3o1cglolyIzFF.jpg,1920,1080,Salvietti,890,223,1143,927
WIN_20260527_19_11_05_Pro_jpg.rf.nvLSkLpmS03HnYEzSWL6.jpg,1920,1080,Salvietti,748,245,999,928
WIN_20260527_19_17_28_Pro_jpg.rf.g7x2gYs77U73i36IWD58.jpg,1920,1080,Salvietti,416,183,698,933
WIN_20260527_19_17_34_Pro_jpg.rf.oBWwNsOrrombp3qvkziQ.jpg,1920,1080,Salvietti,415,177,697,932
aug_WIN_20260527_19_13_56_Pro_jpg.rf.IwbHRHzRoIY9dmYnddby.jpg,1920,1080,Salvietti,816,588,1355,850
WIN_20260527_19_12_15_Pro_jpg.rf.yTOMGfdFbh2p9pMjEkIf.jpg,1920,1080,Salvietti,842,221,1112,957
aug_WIN_20260527_19_14_56_Pro_jpg.rf.J5mMGa74kEQt4ZHNRZiR.jpg,1920,1080,Salvietti,1131,236,1350,805
WIN_20260527_19_16_26_Pro_jpg.rf.1uXSfVK77BhA47iauYS4.jpg,1920,1080,Salvietti,501,214,704,759
WIN_20260527_19_17_48_Pro_jpg.rf.VLZZxfCwhXFQburyG1lt.jpg,1920,1080,Salvietti,573,169,840,898
aug_WIN_20260527_19_11_25_Pro_jpg.rf.Lfysb9SweZu2LO4P0vHN.jpg,1920,1080,Salvietti,817,241,1073,941
WIN_20260527_19_16_45_Pro_jpg.rf.3zmZoP25cFH5s66Inw1S.jpg,1920,1080,Salvietti,470,210,677,761
WIN_20260527_19_15_13_Pro_jpg.rf.55rh9tulOoxn7TiN9vYe.jpg,1920,1080,Salvietti,1177,231,1411,834
aug_WIN_20260527_19_15_13_Pro_jpg.rf.IfER21rZagZiSgQubtAp.jpg,1920,1080,Salvietti,1179,232,1412,835
aug_WIN_20260527_19_35_31_Pro_jpg.rf.GR2ko3pzcVa6deObMmBu.jpg,1920,1080,Salvietti,940,181,1216,941
WIN_20260527_19_32_37_Pro_jpg.rf.vNUg8m5ADmRQhr5cMOUm.jpg,1920,1080,Salvietti,952,436,989,603
aug_WIN_20260527_19_14_05_Pro_jpg.rf.PKLVMPvApxHExvwOfBso.jpg,1920,1080,Salvietti,876,582,1162,884
WIN_20260527_19_16_42_Pro_jpg.rf.8cJagAplya4QeLWVq4hi.jpg,1920,1080,Salvietti,465,211,679,769
WIN_20260527_19_31_25_Pro_jpg.rf.oELC04ZhFd2sg4HK46sV.jpg,1920,1080,Salvietti,1322,196,1596,860
aug_WIN_20260527_19_11_05_Pro_jpg.rf.OyNc5oEKZykletnxh3Es.jpg,1920,1080,Salvietti,749,245,999,928
aug_WIN_20260527_19_10_42_Pro_jpg.rf.8kIb1mP83grBAqXC0ODf.jpg,1920,1080,Salvietti,660,251,885,865
WIN_20260527_19_33_06_Pro_jpg.rf.Aa3wu0MbjGqiyKGB61dY.jpg,1920,1080,Salvietti,942,202,1158,761
WIN_20260527_19_16_59_Pro_jpg.rf.KqCE8uDNGxP1C9WoUm6H.jpg,1920,1080,Salvietti,102,0,444,1011
WIN_20260527_19_16_59_Pro_jpg.rf.KqCE8uDNGxP1C9WoUm6H.jpg,1920,1080,Salvietti,102,72,443,1011
WIN_20260527_19_16_31_Pro_jpg.rf.Cr5PtsavEhHbNJpYbeJD.jpg,1920,1080,Salvietti,522,214,728,755
WIN_20260527_19_16_18_Pro_jpg.rf.BWEelaqrGLozk80JiaYG.jpg,1920,1080,Salvietti,515,211,738,791
WIN_20260527_19_17_17_Pro_jpg.rf.La4e8fQKw66IoUjeVBDb.jpg,1920,1080,Salvietti,356,177,658,968
WIN_20260527_19_17_23_Pro_jpg.rf.qNiABVGbs1PfdRuYFDb8.jpg,1920,1080,Salvietti,387,177,681,969
WIN_20260527_19_17_25_Pro_jpg.rf.sxlh6Yi8bDYPbIUYe8wY.jpg,1920,1080,Salvietti,388,180,680,943
WIN_20260527_19_18_24_Pro_jpg.rf.v8IheTvBCTGsuDaJlsS3.jpg,1920,1080,Salvietti,629,168,896,915
WIN_20260527_19_22_16_Pro_jpg.rf.FhovCwAol1PqeZudygxY.jpg,1920,1080,Salvietti,682,181,944,878
WIN_20260527_19_24_02_Pro_jpg.rf.JfCNi0lpvFV7ulBTZDit.jpg,1920,1080,Salvietti,224,174,495,857
WIN_20260527_19_17_09_Pro_jpg.rf.J9toJ05vkr6vO789lk0J.jpg,1920,1080,Salvietti,335,173,644,987
WIN_20260527_19_18_08_Pro_jpg.rf.qXBx8AHJGXwQVWuSHMB8.jpg,1920,1080,Salvietti,611,168,879,914
WIN_20260527_19_27_34_Pro_jpg.rf.KFpBbtTP3QxqBG9ImDh0.jpg,1920,1080,Salvietti,908,181,1155,860
WIN_20260527_19_16_28_Pro_jpg.rf.EIfvRJADfbdnuGI9uMo4.jpg,1920,1080,Salvietti,516,214,731,760
WIN_20260527_19_15_52_Pro_jpg.rf.OowgyPbGOajpMlPoW3kf.jpg,1920,1080,Salvietti,459,208,689,795
WIN_20260527_19_18_05_Pro_jpg.rf.wa9oS1QcfQsHHLp5lKD0.jpg,1920,1080,Salvietti,560,163,841,933
WIN_20260527_19_31_06_Pro_jpg.rf.xWVCH03AGP2soweInHf0.jpg,1920,1080,Salvietti,488,201,713,798
WIN_20260527_19_22_58_Pro_jpg.rf.L1JU3cVwa3ULpXBG0MFq.jpg,1920,1080,Salvietti,660,181,918,874
aug_WIN_20260527_19_31_29_Pro_jpg.rf.JsXH1cHouog5jeNvxvs6.jpg,1920,1080,Salvietti,1320,197,1597,860
WIN_20260527_19_31_09_Pro_jpg.rf.vbotMtOILVm3XQqBkxko.jpg,1920,1080,Salvietti,490,199,725,806
aug_WIN_20260527_19_12_54_Pro_jpg.rf.RaWqWMXFRZhhyKBmhLFH.jpg,1920,1080,Salvietti,971,218,1224,925
aug_WIN_20260527_19_33_14_Pro_jpg.rf.IaHhhEo3SN1ucG4861O1.jpg,1920,1080,Salvietti,945,203,1155,760
WIN_20260527_19_32_13_Pro_jpg.rf.xGIq5U70v4QOX0xEUqee.jpg,1920,1080,Salvietti,385,198,620,787
WIN_20260527_19_19_30_Pro_jpg.rf.0YOn2IGAJH3JnYVmd3Od.jpg,1920,1080,Salvietti,1303,235,1587,893
aug_WIN_20260527_19_11_15_Pro_jpg.rf.QGeLtPF9gvNTcBRxmlp9.jpg,1920,1080,Salvietti,799,241,1050,937
aug_WIN_20260527_19_31_59_Pro_jpg.rf.O93wJhTumTwEJKwWtgjY.jpg,1920,1080,Salvietti,1364,204,1634,847
WIN_20260527_19_35_26_Pro_jpg.rf.0IbjOMxeSleoo3Jgtzs7.jpg,1920,1080,Salvietti,932,186,1210,943
aug_WIN_20260527_19_35_24_Pro_jpg.rf.MnI2uetDJgQh15sCV28q.jpg,1920,1080,Salvietti,944,185,1221,941
WIN_20260527_19_17_20_Pro_jpg.rf.xWdu7iyy9lFJLYufhVzQ.jpg,1920,1080,Salvietti,390,176,677,954
WIN_20260527_19_13_21_Pro_jpg.rf.604T78VcDRicHiB1VFgz.jpg,1920,1080,Salvietti,1103,222,1350,897
WIN_20260527_19_40_40_Pro_jpg.rf.TbcQvhvqnGCbTsRU0Mzr.jpg,1920,1080,Salvietti,497,275,759,745
WIN_20260527_19_16_09_Pro_jpg.rf.MKkxRGpj4xu7P1GWpvYK.jpg,1920,1080,Salvietti,444,204,670,794
WIN_20260527_19_33_23_Pro_jpg.rf.3rhh2irnIAD7RLsjJ6q6.jpg,1920,1080,Salvietti,956,200,1169,774
WIN_20260527_19_16_37_Pro_jpg.rf.SMjPgiuTuNOC3h2s2hgb.jpg,1920,1080,Salvietti,494,216,699,750
WIN_20260527_19_13_34_Pro_jpg.rf.C3TqufXmoXh6gimiOhBC.jpg,1920,1080,Salvietti,994,609,1544,892
WIN_20260527_19_17_02_Pro_jpg.rf.VMMXzBjHmF6tRWRZwulS.jpg,1920,1080,Salvietti,215,161,548,1053
WIN_20260527_19_12_56_Pro_jpg.rf.9sNTJYRfA5FBqfMNGbQG.jpg,1920,1080,Salvietti,961,224,1213,910
WIN_20260527_19_33_14_Pro_jpg.rf.APNuFOvd3OU3DEqxq3rQ.jpg,1920,1080,Salvietti,944,203,1155,761
WIN_20260527_19_34_03_Pro_jpg.rf.1OJp2QOrtymEQUlP7fdy.jpg,1920,1080,Salvietti,1455,202,1758,895
WIN_20260527_19_17_11_Pro_jpg.rf.DZi09jXdTCTqRiGKrYff.jpg,1920,1080,Salvietti,337,173,645,976
WIN_20260527_19_14_54_Pro_jpg.rf.DRxvbRo1Sr0CqjdvWSVP.jpg,1920,1080,Salvietti,887,577,1426,845
WIN_20260527_19_16_02_Pro_jpg.rf.W5yNreuKgjc17dLL6RgT.jpg,1920,1080,Salvietti,488,210,703,777
WIN_20260527_19_33_31_Pro_jpg.rf.3lHGyFGlzEazQnipI6HE.jpg,1920,1080,Salvietti,949,200,1169,779
WIN_20260527_19_16_51_Pro_jpg.rf.UFKNq6aIzQ4aN9G5Ck9s.jpg,1920,1080,Salvietti,442,209,654,766
WIN_20260527_19_14_34_Pro_jpg.rf.CmHsTVDb0G7daEwUDAHC.jpg,1920,1080,Salvietti,908,577,1490,817
WIN_20260527_19_35_12_Pro_jpg.rf.2lZ3Z95uvpRFVYO185og.jpg,1920,1080,Salvietti,860,199,1100,849
WIN_20260527_19_16_40_Pro_jpg.rf.Pd22PLBM3W7Z9SKRISYO.jpg,1920,1080,Salvietti,487,215,699,760
WIN_20260527_19_16_22_Pro_jpg.rf.bhFVCvVr3UWZtuWNEqfz.jpg,1920,1080,Salvietti,501,214,704,758
WIN_20260527_19_13_00_Pro_jpg.rf.DcmQET2JobMlI4VCyGnF.jpg,1920,1080,Salvietti,1033,219,1288,905
WIN_20260527_19_13_53_Pro_jpg.rf.Ev178Tv0TKEBg10Dz8Iz.jpg,1920,1080,Salvietti,801,574,1366,797
WIN_20260527_19_35_23_Pro_jpg.rf.fEjI53b3hlkggUfrGD2P.jpg,1920,1080,Salvietti,903,185,1190,962
WIN_20260527_19_16_33_Pro_jpg.rf.Xyl4gFxViwHCayo6y60b.jpg,1920,1080,Salvietti,482,211,691,764
WIN_20260527_19_15_39_Pro_jpg.rf.dhQKLUK2TeToExSFWT9P.jpg,1920,1080,Salvietti,1196,232,1436,826
WIN_20260527_19_14_09_Pro_jpg.rf.VwzIynJWpXTqf2iYCh5q.jpg,1920,1080,Salvietti,811,585,1284,853
WIN_20260527_19_14_09_Pro_jpg.rf.VwzIynJWpXTqf2iYCh5q.jpg,1920,1080,Salvietti,812,586,1282,849
WIN_20260527_19_22_55_Pro_jpg.rf.MDpFtD5B0LJEj6mxndWe.jpg,1920,1080,Salvietti,661,181,919,873
WIN_20260527_19_33_50_Pro_jpg.rf.i49Ke6XEKvEGxfsvjxPM.jpg,1920,1080,Salvietti,1460,206,1761,869
aug_WIN_20260527_19_29_41_Pro_jpg.rf.719TSed2BeSBXugQc7n4.jpg,1920,1080,Salvietti,1015,208,1217,747
WIN_20260527_19_12_55_Pro_jpg.rf.WzwfAJrtnLuV792B4AsC.jpg,1920,1080,Salvietti,961,224,1213,911
WIN_20260527_19_19_40_Pro_jpg.rf.5QjN2nloROZVtig6575N.jpg,1920,1080,Salvietti,1420,238,1716,928
WIN_20260527_19_19_57_Pro_jpg.rf.1AraEDP6bfCSVMs6tdTh.jpg,1920,1080,Salvietti,1387,239,1690,917
WIN_20260527_19_33_02_Pro_jpg.rf.ASpcRcHPzq6hIkdAsi4S.jpg,1920,1080,Salvietti,943,203,1157,761
aug_WIN_20260527_19_28_48_Pro_jpg.rf.7mzdzIc1WrZGauvKb1im.jpg,1920,1080,Salvietti,836,564,1092,913
WIN_20260527_19_14_48_Pro_jpg.rf.9elvOxOT5hFj33rzGTik.jpg,1920,1080,Salvietti,806,580,1357,804
WIN_20260527_19_33_41_Pro_jpg.rf.EasSsC0I7ujF9lgSbtu8.jpg,1920,1080,Salvietti,1478,213,1754,851
WIN_20260527_19_16_48_Pro_jpg.rf.cZgHNSg2wYzoN0wNlM6X.jpg,1920,1080,Salvietti,445,210,658,766
WIN_20260527_19_15_50_Pro_jpg.rf.fqqbtgw54A2N0YfUldl5.jpg,1920,1080,Salvietti,1198,233,1435,825
WIN_20260527_19_13_16_Pro_jpg.rf.HALRNQX9Rh0lCw26C01E.jpg,1920,1080,Salvietti,1043,223,1287,886
WIN_20260527_19_33_17_Pro_jpg.rf.KjS3dm0SxwR7AbqiJcyo.jpg,1920,1080,Salvietti,954,200,1169,770
WIN_20260527_19_17_05_Pro_jpg.rf.dk1zoug56Fuzo407icFs.jpg,1920,1080,Salvietti,283,165,612,1021
WIN_20260527_19_13_25_Pro_jpg.rf.NCyqsd10ABgt8yGxu4tm.jpg,1920,1080,Salvietti,999,616,1656,860
WIN_20260527_19_33_38_Pro_jpg.rf.WI8ArmDxpD9G9nEPAGb5.jpg,1920,1080,Salvietti,1464,212,1739,851
WIN_20260527_19_16_00_Pro_jpg.rf.gk3UvLfRBsnjM18wgfza.jpg,1920,1080,Salvietti,479,207,698,793
WIN_20260527_19_12_58_Pro_jpg.rf.8TkXWfNkWqxHq4L6XfBX.jpg,1920,1080,Salvietti,1015,224,1271,907
WIN_20260527_19_33_10_Pro_jpg.rf.aFLTtPxY86sqiefl3MMO.jpg,1920,1080,Salvietti,945,204,1156,761
WIN_20260527_19_15_57_Pro_jpg.rf.ltB1o5NYPy9wgpFCrpar.jpg,1920,1080,Salvietti,500,211,712,780
WIN_20260527_19_15_57_Pro_jpg.rf.ltB1o5NYPy9wgpFCrpar.jpg,1920,1080,Salvietti,500,211,712,780
WIN_20260527_19_32_46_Pro_jpg.rf.b3wuU3PhzFfgPk4q9VTA.jpg,1920,1080,Salvietti,877,200,1096,752
WIN_20260527_19_16_56_Pro_jpg.rf.oZ3mplG8pcHPZI5oesz9.jpg,1920,1080,Salvietti,445,210,662,769
WIN_20260527_19_14_05_Pro_jpg.rf.OFD4sKuqFTYbwhJszecN.jpg,1920,1080,Salvietti,875,582,1162,883
WIN_20260527_19_35_24_Pro_jpg.rf.Zzk6vhCcREMykcvWu30B.jpg,1920,1080,Salvietti,944,184,1222,941
WIN_20260527_19_15_30_Pro_jpg.rf.ijrcQNDvnZjetK9aK3GF.jpg,1920,1080,Salvietti,1189,231,1422,814
WIN_20260527_19_15_01_Pro_jpg.rf.P7A00bAyhpg7khfY7T5C.jpg,1920,1080,Salvietti,1133,235,1348,804
WIN_20260527_19_15_43_Pro_jpg.rf.u6qbKljFBJVJMP95d4zJ.jpg,1920,1080,Salvietti,1198,233,1434,825
WIN_20260527_19_15_55_Pro_jpg.rf.yFY0QwylF2FQbuc5ljGs.jpg,1920,1080,Salvietti,497,209,715,790
WIN_20260527_19_14_40_Pro_jpg.rf.Ozfq0bJWAKcXiy4ltSHs.jpg,1920,1080,Salvietti,781,568,1230,820
WIN_20260527_19_33_20_Pro_jpg.rf.FfXOiJvaU1udW1dDI4fM.jpg,1920,1080,Salvietti,952,200,1169,770
aug_WIN_20260527_19_29_11_Pro_jpg.rf.3HeP8Og8pRyYNkVwwIWq.jpg,1920,1080,Salvietti,479,557,1033,815
WIN_20260527_19_13_08_Pro_jpg.rf.S84pR6Qa9ffvBGPkAxYI.jpg,1920,1080,Salvietti,1050,222,1301,905
WIN_20260527_19_35_10_Pro_jpg.rf.dGyN6u7aQTzn29E3e12r.jpg,1920,1080,Salvietti,921,117,1124,679
WIN_20260527_19_14_56_Pro_jpg.rf.PCoKVDhXQyCvOwKzS3Dl.jpg,1920,1080,Salvietti,1130,237,1350,804
aug_WIN_20260527_19_30_35_Pro_jpg.rf.8jzCUTNxxOVx333Q6Wym.jpg,1920,1080,Salvietti,489,202,714,799
WIN_20260527_19_12_45_Pro_jpg.rf.V5sAMxuHJCHvjBgMmmew.jpg,1920,1080,Salvietti,937,225,1189,924
aug_WIN_20260527_19_28_03_Pro_jpg.rf.1vx0bV0ulEba3XWGbrNt.jpg,1920,1080,Salvietti,440,596,978,859
aug_WIN_20260527_19_29_13_Pro_jpg.rf.AGETEPKSMkaBOvarIgrO.jpg,1920,1080,Salvietti,479,555,1034,814
WIN_20260527_19_15_17_Pro_jpg.rf.SsRPk8FV0nyS5AFVCdKS.jpg,1920,1080,Salvietti,1178,232,1411,833
aug_WIN_20260527_19_24_00_Pro_jpg.rf.2XZG6UgFfu0mgsHo2Dqm.jpg,1920,1080,Salvietti,136,170,431,866
WIN_20260527_19_35_15_Pro_jpg.rf.IQdXDNTnz7N07sKmpCEA.jpg,1920,1080,Salvietti,883,189,1156,938
aug_WIN_20260527_19_29_09_Pro_jpg.rf.9I3pKPiy3RZ23NULQx3U.jpg,1920,1080,Salvietti,480,556,1033,812
aug_WIN_20260527_19_18_08_Pro_jpg.rf.2pZGoGenDz159MXwXhzN.jpg,1920,1080,Salvietti,611,168,879,915
aug_WIN_20260527_19_30_06_Pro_jpg.rf.BCoqZYPTkRH9Woan5X66.jpg,1920,1080,Salvietti,827,209,1045,741
aug_WIN_20260527_19_17_25_Pro_jpg.rf.3HghT0R5oGumXsrSR8fV.jpg,1920,1080,Salvietti,389,181,678,943
WIN_20260527_19_33_27_Pro_jpg.rf.mkU268b92vYHqvVghIGZ.jpg,1920,1080,Salvietti,953,203,1168,773
WIN_20260527_19_33_27_Pro_jpg.rf.mkU268b92vYHqvVghIGZ.jpg,1920,1080,Salvietti,953,201,1169,773
aug_WIN_20260527_19_28_37_Pro_jpg.rf.Ay7iSVg5rk5JS5sO8rQn.jpg,1920,1080,Salvietti,675,568,1202,887
aug_WIN_20260527_19_17_45_Pro_jpg.rf.6koRh7aPBNfRfu1g2UiM.jpg,1920,1080,Salvietti,557,168,824,906
WIN_20260527_19_35_21_Pro_jpg.rf.sb5kslOU4kxYZiDTbcBd.jpg,1920,1080,Salvietti,927,189,1205,938
aug_WIN_20260527_19_29_28_Pro_jpg.rf.BSllnI9exWCslklzaoEP.jpg,1920,1080,Salvietti,338,577,960,841
aug_WIN_20260527_19_30_09_Pro_jpg.rf.CCUYD6klMTNqbHRy0Mjm.jpg,1920,1080,Salvietti,828,208,1046,740
aug_WIN_20260527_19_29_23_Pro_jpg.rf.EGEHFuTQiX1L8djE2cC0.jpg,1920,1080,Salvietti,220,544,617,844
WIN_20260527_19_12_40_Pro_jpg.rf.kVSehwGIIfq6Uj6s1Civ.jpg,1920,1080,Salvietti,904,223,1158,935
WIN_20260527_19_13_56_Pro_jpg.rf.hootMsqDyWLvqoBnTz76.jpg,1920,1080,Salvietti,817,589,1354,841
WIN_20260527_19_13_05_Pro_jpg.rf.gHovbbkZ6K5tIS1xEKJW.jpg,1920,1080,Salvietti,1050,221,1300,906
WIN_20260527_19_35_18_Pro_jpg.rf.fRaZtIhzGr19WICmnM9D.jpg,1920,1080,Salvietti,922,189,1204,937
aug_WIN_20260527_19_28_55_Pro_jpg.rf.FOiWJFqnT6RMIO2U6HIl.jpg,1920,1080,Salvietti,660,572,1284,846
aug_WIN_20260527_19_28_57_Pro_jpg.rf.E28AAd5PkNYfxIsRUMWU.jpg,1920,1080,Salvietti,885,559,1129,892
WIN_20260527_19_13_12_Pro_jpg.rf.t0aky3IDLcNRgRQGCxZr.jpg,1920,1080,Salvietti,1066,222,1312,898
WIN_20260527_19_13_37_Pro_jpg.rf.sVljMKMe5QaFr31A2mBU.jpg,1920,1080,Salvietti,875,609,1462,923
WIN_20260527_19_34_00_Pro_jpg.rf.xiFcv0Pqrh829vXTn3Yv.jpg,1920,1080,Salvietti,1456,202,1757,899
WIN_20260527_19_13_04_Pro_jpg.rf.m190vOFgfCtv5PoW0gCn.jpg,1920,1080,Salvietti,1041,220,1288,906
aug_WIN_20260527_19_27_02_Pro_jpg.rf.0vQ2EDgaD6Jk2cND5s2Y.jpg,1920,1080,Salvietti,868,182,1122,872
aug_WIN_20260527_19_28_51_Pro_jpg.rf.TDvaTUZ3wlXzxidwaS91.jpg,1920,1080,Salvietti,660,572,1288,850
WIN_20260527_19_15_23_Pro_jpg.rf.uyS34qNLEb85znU7oc7J.jpg,1920,1080,Salvietti,1189,228,1426,853
WIN_20260527_19_33_34_Pro_jpg.rf.xb7AA7Aner7q8JX6uVZd.jpg,1920,1080,Salvietti,1471,214,1756,845
aug_WIN_20260527_19_30_40_Pro_jpg.rf.AQHdmx7zLlSYlYxBfcUG.jpg,1920,1080,Salvietti,492,206,714,800
WIN_20260527_19_13_51_Pro_jpg.rf.zDtts4avAzeXIyUQVZna.jpg,1920,1080,Salvietti,862,582,1389,834
WIN_20260527_19_32_40_Pro_jpg.rf.nHADem0W7vlWDEFpI3lV.jpg,1920,1080,Salvietti,862,203,1082,773
aug_WIN_20260527_19_29_06_Pro (2)_jpg.rf.FL2Btpr79bNk0TnojoiL.jpg,1920,1080,Salvietti,449,555,1007,816
aug_WIN_20260527_19_17_48_Pro_jpg.rf.2l2hrHaYsn6VEGG1jfYl.jpg,1920,1080,Salvietti,572,168,839,898
aug_WIN_20260527_19_27_47_Pro_jpg.rf.Chz9nUCe3qv2GHrQmdZT.jpg,1920,1080,Salvietti,924,181,1174,851
WIN_20260527_19_15_08_Pro_jpg.rf.zuBNXloR3e4KI85L03Ki.jpg,1920,1080,Salvietti,1159,237,1374,679
aug_WIN_20260527_19_29_25_Pro_jpg.rf.HvNrjUSjzazViuIS7VEt.jpg,1920,1080,Salvietti,339,579,963,846
aug_WIN_20260527_19_24_14_Pro_jpg.rf.EFIGSCoNakenbdw5u7KU.jpg,1920,1080,Salvietti,185,175,467,853
aug_WIN_20260527_19_17_14_Pro_jpg.rf.HyF8ZJO96jhtRgrZ0I0Q.jpg,1920,1080,Salvietti,355,180,661,1019
aug_WIN_20260527_19_30_57_Pro_jpg.rf.JdsXDRm4isHTsJuq64WY.jpg,1920,1080,Salvietti,488,202,714,799
aug_WIN_20260527_19_15_43_Pro_jpg.rf.Iz0gkI7Ldd9JGBHZ2Syo.jpg,1920,1080,Salvietti,1198,234,1435,825
aug_WIN_20260527_19_27_56_Pro_jpg.rf.3AhSoJruyrTBOpiZQ474.jpg,1920,1080,Salvietti,923,180,1172,862
aug_WIN_20260527_19_29_03_Pro_jpg.rf.HB9ZCHaGaPfs6Q4MXgHO.jpg,1920,1080,Salvietti,449,555,1006,815
aug_WIN_20260527_19_18_02_Pro_jpg.rf.JmhoUthxPBZYIJBVvN2n.jpg,1920,1080,Salvietti,546,168,817,906
aug_WIN_20260527_19_26_46_Pro_jpg.rf.2tziBuK3OxlZ6W6ma9ni.jpg,1920,1080,Salvietti,804,193,1038,831
aug_WIN_20260527_19_19_54_Pro_jpg.rf.BXqhMyiSrXrwPp5Iwhna.jpg,1920,1080,Salvietti,1399,238,1703,923
WIN_20260527_19_33_43_Pro_jpg.rf.zwVpCaJtTwJiQDbLCWel.jpg,1920,1080,Salvietti,1471,208,1760,864
aug_WIN_20260527_19_29_29_Pro_jpg.rf.NMLpKm72KvYkdxVOPfS4.jpg,1920,1080,Salvietti,1111,187,1369,833
aug_WIN_20260527_19_28_41_Pro_jpg.rf.MNCvKHHBpxnmeLj76jPY.jpg,1920,1080,Salvietti,676,567,1203,852
aug_WIN_20260527_19_16_33_Pro_jpg.rf.46A8jf1GHB32tAw3Mb5s.jpg,1920,1080,Salvietti,482,211,691,764
aug_WIN_20260527_19_28_30_Pro_jpg.rf.9hYwa8tps3fklnLMlYkc.jpg,1920,1080,Salvietti,658,578,1227,875
aug_WIN_20260527_19_27_58_Pro_jpg.rf.7D1hnqO4nvwxUVrqT1iv.jpg,1920,1080,Salvietti,922,181,1172,862
aug_WIN_20260527_19_28_38_Pro_jpg.rf.HYLevx3iiNxWDiASnTgC.jpg,1920,1080,Salvietti,675,567,1203,884
aug_WIN_20260527_19_17_37_Pro_jpg.rf.6Ms3wo6bDISd4RdngD3c.jpg,1920,1080,Salvietti,525,165,798,913
aug_WIN_20260527_19_16_31_Pro_jpg.rf.CbaOooPSS0SxdGtHQQBy.jpg,1920,1080,Salvietti,524,215,726,757
aug_WIN_20260527_19_27_34_Pro_jpg.rf.7PaRsubuqzLHKRuh5eo1.jpg,1920,1080,Salvietti,908,179,1155,858
aug_WIN_20260527_19_27_05_Pro_jpg.rf.AriKC5PhrfmZgZCcjbiH.jpg,1920,1080,Salvietti,919,185,1045,467
aug_WIN_20260527_19_27_05_Pro_jpg.rf.AriKC5PhrfmZgZCcjbiH.jpg,1920,1080,Salvietti,917,316,1162,870
aug_WIN_20260527_19_29_52_Pro_jpg.rf.PtZYWVuU817hPy6pedPU.jpg,1920,1080,Salvietti,1015,208,1215,748
aug_WIN_20260527_19_30_22_Pro_jpg.rf.Lyr5G3pCWm01I3Z9A0W7.jpg,1920,1080,Salvietti,0,317,233,799
aug_WIN_20260527_19_16_28_Pro_jpg.rf.BmuEAk13hgYjIupoFaxb.jpg,1920,1080,Salvietti,520,214,729,762
aug_WIN_20260527_19_27_11_Pro_jpg.rf.B3laUShcRXUWZAgL5YG9.jpg,1920,1080,Salvietti,933,182,1185,867
aug_WIN_20260527_19_17_17_Pro_jpg.rf.An3x9PIAA9BkFVol3aHt.jpg,1920,1080,Salvietti,356,176,658,964
aug_WIN_20260527_19_24_05_Pro_jpg.rf.7HcbjmAHcNTy9WrbjJay.jpg,1920,1080,Salvietti,202,177,466,838
aug_WIN_20260527_19_29_58_Pro_jpg.rf.PENZviVJiyLr29pWGi3K.jpg,1920,1080,Salvietti,1016,208,1215,746
aug_WIN_20260527_19_15_57_Pro_jpg.rf.8ZERSBnOhXDRWduQyMFd.jpg,1920,1080,Salvietti,499,210,712,780
aug_WIN_20260527_19_16_26_Pro_jpg.rf.FglJxI1rNhZWaHST1ha1.jpg,1920,1080,Salvietti,502,214,704,759
aug_WIN_20260527_19_28_10_Pro_jpg.rf.Awgjf7qgt8zDWQqOfcYE.jpg,1920,1080,Salvietti,656,563,1143,871
aug_WIN_20260527_19_24_27_Pro_jpg.rf.CDLMM7UIvuFFBB2euDF2.jpg,1920,1080,Salvietti,172,175,450,797
aug_WIN_20260527_19_28_59_Pro_jpg.rf.Se7R2hpGcX01A1S4yy38.jpg,1920,1080,Salvietti,201,562,568,928
aug_WIN_20260527_19_28_56_Pro_jpg.rf.MQlghBMmKuNW7QDUk6Ee.jpg,1920,1080,Salvietti,721,563,1181,882
aug_WIN_20260527_19_17_23_Pro_jpg.rf.FGTZv8H9qqUseDlbe2Bl.jpg,1920,1080,Salvietti,386,178,683,967
aug_WIN_20260527_19_30_17_Pro_jpg.rf.ONcjfradTFE8PulAAfgm.jpg,1920,1080,Salvietti,828,208,1047,740
aug_WIN_20260527_19_15_50_Pro_jpg.rf.Fm1a8Ijt2tCD87Vioqeh.jpg,1920,1080,Salvietti,1199,233,1435,825
aug_WIN_20260527_19_16_12_Pro_jpg.rf.GcFnClRiFkwd5fccCMx0.jpg,1920,1080,Salvietti,504,210,724,787
aug_WIN_20260527_19_27_16_Pro_jpg.rf.HKMgvPQUtFJuKKY4kQge.jpg,1920,1080,Salvietti,932,183,1184,864
WIN_20260527_19_21_55_Pro_jpg.rf.9VNtgkJ3QlJ5JgCrBGpv.jpg,1920,1080,Salvietti,603,197,820,779
aug_WIN_20260527_19_28_18_Pro_jpg.rf.Iq80Z2bBncCm1NkKXQRL.jpg,1920,1080,Salvietti,690,581,1231,891
WIN_20260527_19_21_09_Pro_jpg.rf.AeoYm2JZT7wQ1MIoxnji.jpg,1920,1080,Salvietti,783,200,1017,823
aug_WIN_20260527_19_19_40_Pro_jpg.rf.HcxO6SPjhh5psBPbtEOJ.jpg,1920,1080,Salvietti,1422,241,1716,933
aug_WIN_20260527_19_28_05_Pro_jpg.rf.HyuqmSdj7CbUJKO68hjB.jpg,1920,1080,Salvietti,655,564,1142,870
WIN_20260527_19_21_18_Pro_jpg.rf.G9LHUomJCNeTxokk45Lk.jpg,1920,1080,Salvietti,899,210,1153,825
WIN_20260527_19_21_00_Pro_jpg.rf.Hm7EGULBQ4vTFZee8G0j.jpg,1920,1080,Salvietti,590,191,819,807
aug_WIN_20260527_19_17_05_Pro_jpg.rf.TsIzak6q3p1lKQz1IV9E.jpg,1920,1080,Salvietti,287,167,612,1033
aug_WIN_20260527_19_27_17_Pro_jpg.rf.KaCXG6xfbTU2ycbgEirI.jpg,1920,1080,Salvietti,910,178,1156,859
WIN_20260527_19_21_52_Pro_jpg.rf.JeCVg2Xhh2wdL8MJBNYH.jpg,1920,1080,Salvietti,598,194,816,780
aug_WIN_20260527_19_16_51_Pro_jpg.rf.Nz6MPPGklxB0bxiMFNm1.jpg,1920,1080,Salvietti,442,209,654,766
aug_WIN_20260527_19_16_09_Pro_jpg.rf.MELRVXfTRCwYkUClDyem.jpg,1920,1080,Salvietti,428,203,671,798
aug_WIN_20260527_19_26_35_Pro_jpg.rf.FLF5qJmpSczNtrZe7bxb.jpg,1920,1080,Salvietti,537,189,774,833
WIN_20260527_19_20_56_Pro_jpg.rf.RKnqPfvj9Lvf1g8GFSBc.jpg,1920,1080,Salvietti,588,192,819,808
WIN_20260527_19_21_02_Pro_jpg.rf.T5CpPngGAgqEyMLFK3AG.jpg,1920,1080,Salvietti,659,194,889,794
aug_WIN_20260527_19_16_37_Pro_jpg.rf.OqLraamI8LHINBQCGqR0.jpg,1920,1080,Salvietti,494,216,699,751
aug_WIN_20260527_19_22_55_Pro_jpg.rf.KgfIfqDxWIyX9WgM6WfN.jpg,1920,1080,Salvietti,661,183,918,875
aug_WIN_20260527_19_28_45_Pro_jpg.rf.TTCuzE2rcwwPBZ4BDGSF.jpg,1920,1080,Salvietti,846,584,1203,874
aug_WIN_20260527_19_16_42_Pro_jpg.rf.OqLyXw3OSZlV27X5GmVg.jpg,1920,1080,Salvietti,461,211,680,768
aug_WIN_20260527_19_28_04_Pro_jpg.rf.KvUgDPiNO75FOQu8Zy1Y.jpg,1920,1080,Salvietti,527,564,1120,827
aug_WIN_20260527_19_24_25_Pro_jpg.rf.MJssUw9EPVT8YAzR7iUf.jpg,1920,1080,Salvietti,173,174,451,844
WIN_20260527_19_21_05_Pro_jpg.rf.3JTxivu9oumsfa7W1WiK.jpg,1920,1080,Salvietti,754,196,980,814
aug_WIN_20260527_19_17_59_Pro_jpg.rf.OzbdC7NMEeZRZzkJmy7H.jpg,1920,1080,Salvietti,508,163,784,910
aug_WIN_20260527_19_17_34_Pro_jpg.rf.R9ia55NQV9o8u1oYI734.jpg,1920,1080,Salvietti,414,178,698,941
aug_WIN_20260527_19_23_38_Pro_jpg.rf.LFZvVET329cu6X5eWZQE.jpg,1920,1080,Salvietti,1273,239,1530,836
aug_WIN_20260527_19_24_32_Pro_jpg.rf.QL623519t2ax8LZdiVdH.jpg,1920,1080,Salvietti,206,184,456,792
WIN_20260527_19_20_27_Pro_jpg.rf.480tkC0AUiy17dtEeV2F.jpg,1920,1080,Salvietti,642,195,866,751
WIN_20260527_19_21_25_Pro_jpg.rf.4PSq76N3nCfAfBGcpJoa.jpg,1920,1080,Salvietti,821,209,1050,726
WIN_20260527_19_22_07_Pro_jpg.rf.6LM3ogD1pDjKflc4PUVy.jpg,1920,1080,Salvietti,723,190,961,833
aug_WIN_20260527_19_19_46_Pro_jpg.rf.P1VpJZ6V9yAvO6ngKpxo.jpg,1920,1080,Salvietti,1404,240,1695,927
aug_WIN_20260527_19_16_40_Pro_jpg.rf.PJD8Jui8bDdkj9NKkHOo.jpg,1920,1080,Salvietti,488,214,699,761
aug_WIN_20260527_19_16_18_Pro_jpg.rf.TFwgjCbhXyYdyJP3OnXS.jpg,1920,1080,Salvietti,516,211,737,790
aug_WIN_20260527_19_23_27_Pro_jpg.rf.R8Zoj3WwhpxNrruCLdxP.jpg,1920,1080,Salvietti,1273,238,1530,834
aug_WIN_20260527_19_28_26_Pro_jpg.rf.EaaAOXl5WUIHOqUhe74b.jpg,1920,1080,Salvietti,659,579,1226,873
aug_WIN_20260527_19_23_58_Pro_jpg.rf.SDxtdEWvm9Zhk5ASZMI4.jpg,1920,1080,Salvietti,202,155,516,959
WIN_20260527_19_22_23_Pro_jpg.rf.7BiQjpO0qlygPrOWbBU2.jpg,1920,1080,Salvietti,662,181,919,874
WIN_20260527_19_21_12_Pro_jpg.rf.8bXtwaRIlJUklY8RHo5G.jpg,1920,1080,Salvietti,793,201,1025,823
aug_WIN_20260527_19_28_34_Pro_jpg.rf.LRmlmWIABCIwHhRjSfPx.jpg,1920,1080,Salvietti,675,567,1203,852
aug_WIN_20260527_19_17_28_Pro_jpg.rf.Pjw3apTmbSB4OB2pXJBb.jpg,1920,1080,Salvietti,417,183,698,934
aug_WIN_20260527_19_27_59_Pro_jpg.rf.N09Zh2ydaL5AtgCjf2Zs.jpg,1920,1080,Salvietti,916,178,1169,862
WIN_20260527_19_27_49_Pro_jpg.rf.1N4t9iiddcDNbZB5ryMZ.jpg,1920,1080,Salvietti,926,181,1176,851
WIN_20260527_19_27_22_Pro_jpg.rf.0UhrNw5088k0R0alwzk8.jpg,1920,1080,Salvietti,910,179,1157,859
WIN_20260527_19_21_43_Pro_jpg.rf.9A6s44chXZ2ySwoDumPR.jpg,1920,1080,Salvietti,831,214,1056,794
WIN_20260527_19_20_14_Pro_jpg.rf.7ytqaT7vgBdyvc8kCzTY.jpg,1920,1080,Salvietti,1421,238,1721,927
aug_WIN_20260527_19_27_55_Pro_jpg.rf.SNUfmHdtZYeHUoE3IKLi.jpg,1920,1080,Salvietti,917,180,1172,861
WIN_20260527_19_27_58_Pro_jpg.rf.4Ape8z7s3tyxxFgk1F4b.jpg,1920,1080,Salvietti,920,180,1172,863
WIN_20260527_19_20_48_Pro_jpg.rf.mBn2lz6i3lNIqwn7Ounq.jpg,1920,1080,Salvietti,589,191,820,807
WIN_20260527_19_20_48_Pro_jpg.rf.mBn2lz6i3lNIqwn7Ounq.jpg,1920,1080,Salvietti,589,192,820,807
WIN_20260527_19_27_10_Pro_jpg.rf.4kMPCCBdl60YGyHBMbB7.jpg,1920,1080,Salvietti,933,183,1185,866
WIN_20260527_19_28_03_Pro_jpg.rf.3QkbaZVh7H8b7TgAzjRP.jpg,1920,1080,Salvietti,439,596,978,857
WIN_20260527_19_20_09_Pro_jpg.rf.meOqWBCuawyOU1SOQGoB.jpg,1920,1080,Salvietti,1418,242,1714,930
WIN_20260527_19_26_49_Pro_jpg.rf.8qa13vSEPbvofXFrMi40.jpg,1920,1080,Salvietti,809,185,1064,879
WIN_20260527_19_21_15_Pro_jpg.rf.ofmWWmXUfcteRdzQbRBV.jpg,1920,1080,Salvietti,898,210,1153,806
WIN_20260527_19_20_18_Pro_jpg.rf.sbbeEDlmXtITZE1RUgEH.jpg,1920,1080,Salvietti,659,191,887,814
WIN_20260527_19_27_05_Pro_jpg.rf.9HppAbRY8nO35QKGyezz.jpg,1920,1080,Salvietti,919,184,1044,464
WIN_20260527_19_27_05_Pro_jpg.rf.9HppAbRY8nO35QKGyezz.jpg,1920,1080,Salvietti,916,316,1162,869
WIN_20260527_19_21_31_Pro_jpg.rf.sy1IPufUTI1LW5vcQxW9.jpg,1920,1080,Salvietti,818,209,1040,796
WIN_20260527_19_27_16_Pro_jpg.rf.4azofGkljV1zlgc4q6Qa.jpg,1920,1080,Salvietti,932,183,1184,865
WIN_20260527_19_21_35_Pro_jpg.rf.xbE3CZIUGsGzD6FSSiHG.jpg,1920,1080,Salvietti,828,262,1039,450
WIN_20260527_19_38_02_Pro_jpg.rf.1gqp8PwbX4KIacZRsB48.jpg,1920,1080,Salvietti,896,258,1106,827
WIN_20260527_19_27_11_Pro_jpg.rf.AwdD0ZoCGZn1SaXvLIsx.jpg,1920,1080,Salvietti,932,183,1185,868
WIN_20260527_19_21_20_Pro_jpg.rf.PvOmrSUoLpvV5Yun39vj.jpg,1920,1080,Salvietti,816,209,1050,805
WIN_20260527_19_28_05_Pro_jpg.rf.AtUvGfnQtystbkNwH8Cy.jpg,1920,1080,Salvietti,655,564,1143,869
WIN_20260527_19_21_22_Pro_jpg.rf.XW94AOtJEKlJlExfyXmo.jpg,1920,1080,Salvietti,816,209,1051,805
WIN_20260527_19_21_28_Pro_jpg.rf.ZBz0ku6yZGvtAS8z5gDy.jpg,1920,1080,Salvietti,816,209,1050,805
WIN_20260527_19_21_24_Pro_jpg.rf.WtIKufW1BZ35PCJYSJ6s.jpg,1920,1080,Salvietti,822,435,1046,617
WIN_20260527_19_19_54_Pro_jpg.rf.boEvidaEiZ5UkHFULaKK.jpg,1920,1080,Salvietti,1397,238,1703,924
WIN_20260527_19_27_44_Pro_jpg.rf.tTsWWEWSCnxYAfDco4ba.jpg,1920,1080,Salvietti,922,180,1175,852
WIN_20260527_19_20_22_Pro_jpg.rf.cd44jxA3uFa8t1R2qKzx.jpg,1920,1080,Salvietti,658,191,886,797
WIN_20260527_19_20_44_Pro_jpg.rf.gUOvMYYdSDLmhjnDundo.jpg,1920,1080,Salvietti,566,200,781,775
WIN_20260527_19_26_37_Pro_jpg.rf.EMjtxhcQsGIQNGchXVVy.jpg,1920,1080,Salvietti,803,194,1038,832
WIN_20260527_19_20_40_Pro_jpg.rf.eDbtkmpSKf4xy9QlRgVO.jpg,1920,1080,Salvietti,697,198,935,805
WIN_20260527_19_27_47_Pro_jpg.rf.EjSaYXndxSWOjkVmQ4Y3.jpg,1920,1080,Salvietti,923,181,1174,851
WIN_20260527_19_21_49_Pro_jpg.rf.zPvKsSjSmbzhetnHSlY1.jpg,1920,1080,Salvietti,831,214,1056,794
WIN_20260527_19_37_44_Pro_jpg.rf.5YAANVfkp7RYcb6pT3VO.jpg,1920,1080,Salvietti,913,219,1257,1079
WIN_20260527_19_26_46_Pro_jpg.rf.KlWYl7tFuPjoXdhUSIyA.jpg,1920,1080,Salvietti,803,194,1037,832
WIN_20260527_19_40_44_Pro (2)_jpg.rf.2CHdE4kquR2Xq4wSu3AY.jpg,1920,1080,Salvietti,505,273,780,941
WIN_20260527_19_24_38_Pro_jpg.rf.Wcmgk6KFU84v8MWJnVhJ.jpg,1920,1080,Salvietti,537,189,774,833
WIN_20260527_19_39_39_Pro_jpg.rf.2RbnTKhWJNiP59XAXGc9.jpg,1920,1080,Salvietti,799,238,1082,971
WIN_20260527_19_28_22_Pro_jpg.rf.OvvOnbGZlwmxqzKQEsnZ.jpg,1920,1080,Salvietti,672,583,1216,898
WIN_20260527_19_27_55_Pro_jpg.rf.Yg62ayTqD1pRRbEmKJGV.jpg,1920,1080,Salvietti,918,180,1172,860
WIN_20260527_19_39_56_Pro_jpg.rf.2LdyFb9honcfmyYplxpT.jpg,1920,1080,Salvietti,669,265,914,864
WIN_20260527_19_40_25_Pro_jpg.rf.4oVVrbGBdSkaI2zAiZe2.jpg,1920,1080,Salvietti,730,256,984,892
WIN_20260527_19_27_59_Pro_jpg.rf.QoP6Og9YCOnz8ioZk4oE.jpg,1920,1080,Salvietti,915,178,1167,861
WIN_20260527_19_39_15_Pro_jpg.rf.7ME7EKbnq1gr7c77PLhR.jpg,1920,1080,Salvietti,795,241,1069,944
WIN_20260527_19_39_36_Pro_jpg.rf.9nUV1wtItohKJNxnsFSm.jpg,1920,1080,Salvietti,818,300,1096,964
WIN_20260527_19_27_08_Pro_jpg.rf.UhWW5swe67S9CtOgcbyL.jpg,1920,1080,Salvietti,938,183,1094,468
WIN_20260527_19_27_08_Pro_jpg.rf.UhWW5swe67S9CtOgcbyL.jpg,1920,1080,Salvietti,932,326,1185,868
WIN_20260527_19_39_09_Pro_jpg.rf.BSg4d4QlLdxMUCS2LpHf.jpg,1920,1080,Salvietti,791,245,1053,943
WIN_20260527_19_27_02_Pro_jpg.rf.WuED2Gn2829mV4KQiCbR.jpg,1920,1080,Salvietti,867,182,1123,872
WIN_20260527_19_40_37_Pro_jpg.rf.C0wHqNXOczcE8WXZWNdr.jpg,1920,1080,Salvietti,482,274,745,744
WIN_20260527_19_28_18_Pro_jpg.rf.aNZdUSLibArFJjQWnOeg.jpg,1920,1080,Salvietti,689,579,1232,891
WIN_20260527_19_40_36_Pro_jpg.rf.CAM5wgHad7TN9MELGn39.jpg,1920,1080,Salvietti,491,277,751,744
WIN_20260527_19_38_07_Pro_jpg.rf.FGhyl6WwGKan7bYb9erU.jpg,1920,1080,Salvietti,869,256,1088,841
WIN_20260527_19_28_01_Pro_jpg.rf.p0wv8SOjwvQcmwHPH1zN.jpg,1920,1080,Salvietti,910,229,1152,816
WIN_20260527_19_27_53_Pro_jpg.rf.tQyVsmYgWe3xGZLM7ulF.jpg,1920,1080,Salvietti,923,179,1172,858
WIN_20260527_19_37_57_Pro_jpg.rf.Duj2gYu7hHD7ZSbil9j4.jpg,1920,1080,Salvietti,729,270,944,824
WIN_20260527_19_26_42_Pro_jpg.rf.y04Hksgl0hW5mUGZ1LlI.jpg,1920,1080,Salvietti,803,194,1037,832
WIN_20260527_19_38_27_Pro_jpg.rf.FYSn87UZ6M3MIihLQngt.jpg,1920,1080,Salvietti,821,246,1075,905
WIN_20260527_19_39_49_Pro_jpg.rf.CzKaGAzzscN0XHbR9c1w.jpg,1920,1080,Salvietti,797,237,1088,991
WIN_20260527_19_24_19_Pro_jpg.rf.w7mdU6ZmE8Z2hn14GLOW.jpg,1920,1080,Salvietti,170,174,450,843
WIN_20260527_19_39_08_Pro_jpg.rf.I7CcNLtDzu1oepy8IAJs.jpg,1920,1080,Salvietti,798,245,1055,937
WIN_20260527_19_28_41_Pro_jpg.rf.0Joso6je1XXq8ZGGJ2pS.jpg,1920,1080,Salvietti,676,567,1203,886
WIN_20260527_19_37_54_Pro_jpg.rf.IGQUjPJDTHtwnIH0ipYx.jpg,1920,1080,Salvietti,725,276,942,813
WIN_20260527_19_27_17_Pro_jpg.rf.z3CIntD03Js5A5OehmOG.jpg,1920,1080,Salvietti,910,178,1156,859
WIN_20260527_19_39_03_Pro_jpg.rf.A5oolvmmvQR5365oUMwp.jpg,1920,1080,Salvietti,798,243,1061,920
WIN_20260527_19_27_52_Pro_jpg.rf.zOdFlyjuMS28nmNAraPx.jpg,1920,1080,Salvietti,921,181,1174,851
WIN_20260527_19_26_35_Pro_jpg.rf.yUP30irZ0WwTCo2G55Bl.jpg,1920,1080,Salvietti,537,190,774,833
WIN_20260527_19_37_45_Pro_jpg.rf.NfCgW3FakzvMcB6wih7K.jpg,1920,1080,Salvietti,766,227,1106,1042
WIN_20260527_19_27_56_Pro_jpg.rf.y0GkKeYIETtrwCB7IpnS.jpg,1920,1080,Salvietti,918,180,1172,863
WIN_20260527_19_39_22_Pro_jpg.rf.JezH5QXl6QuIe19B0u0d.jpg,1920,1080,Salvietti,824,242,1097,952
WIN_20260527_19_39_52_Pro_jpg.rf.L7h2k02ReL9znIH2zFpv.jpg,1920,1080,Salvietti,818,237,1099,984
WIN_20260527_19_29_06_Pro (2)_jpg.rf.3v4Kat1XpM5HgDoONHkN.jpg,1920,1080,Salvietti,449,555,1006,814
WIN_20260527_19_28_45_Pro_jpg.rf.2Yq57VKW4MotCwwOD13K.jpg,1920,1080,Salvietti,846,584,1203,875
WIN_20260527_19_38_57_Pro_jpg.rf.BI8LQiWBSNRne838ZM9z.jpg,1920,1080,Salvietti,796,242,1065,930
WIN_20260527_19_40_00_Pro_jpg.rf.SKLlq1W9MJ89zpPuGRrs.jpg,1920,1080,Salvietti,624,270,878,867
WIN_20260527_19_28_23_Pro_jpg.rf.GS6FBhj4nJl2V0fs4N5S.jpg,1920,1080,Salvietti,660,578,1227,874
WIN_20260527_19_40_44_Pro_jpg.rf.IpH6bzWLWmAqhPpbJ2wX.jpg,1920,1080,Salvietti,543,245,881,1079
WIN_20260527_19_28_17_Pro_jpg.rf.CQ4CJNbnE2JzfsCss1xA.jpg,1920,1080,Salvietti,656,563,1143,870
WIN_20260527_19_39_32_Pro_jpg.rf.OgVmAWyhAw42TUuyt7qw.jpg,1920,1080,Salvietti,818,243,1086,955
WIN_20260527_19_28_31_Pro_jpg.rf.KehVMwnhhDVSCbLnqNts.jpg,1920,1080,Salvietti,676,567,1203,857
WIN_20260527_19_40_22_Pro_jpg.rf.MgBmJn8l6rjpzEKyoQBB.jpg,1920,1080,Salvietti,716,255,967,736
WIN_20260527_19_28_10_Pro_jpg.rf.EquCZJNSCckvlMzfgllc.jpg,1920,1080,Salvietti,655,562,1144,871
WIN_20260527_19_28_38_Pro_jpg.rf.SzPTa53LKWCTgXhok7em.jpg,1920,1080,Salvietti,676,566,1203,861
aug_WIN_20260527_19_21_05_Pro_jpg.rf.375UDE2chtKCJX1sBsrI.jpg,1920,1080,Salvietti,755,266,979,811
WIN_20260527_19_29_08_Pro_jpg.rf.RDo19afecFd0nuHUyrTJ.jpg,1920,1080,Salvietti,449,554,1006,814
WIN_20260527_19_40_03_Pro_jpg.rf.QgFGEjTMjTWORIVBfMLo.jpg,1920,1080,Salvietti,620,268,866,726
WIN_20260527_19_28_50_Pro_jpg.rf.UVJCdt9AZCXssw8Xv01z.jpg,1920,1080,Salvietti,970,567,1370,825
WIN_20260527_19_28_59_Pro_jpg.rf.UXtIFgCqS22MUy3NqHmK.jpg,1920,1080,Salvietti,204,562,568,894
WIN_20260527_19_38_10_Pro_jpg.rf.Ta0QOOijU1qanf0zNCvr.jpg,1920,1080,Salvietti,852,256,1077,846
WIN_20260527_19_28_57_Pro_jpg.rf.AwhtabuTbY3OBqmBYxjb.jpg,1920,1080,Salvietti,886,560,1129,893
aug_WIN_20260527_19_21_52_Pro_jpg.rf.5u07fiAYUjWoEtGdNcYm.jpg,1920,1080,Salvietti,599,194,817,780
WIN_20260527_19_29_11_Pro_jpg.rf.VXHcKDdzcCOaEu9l66EO.jpg,1920,1080,Salvietti,479,556,1034,814
aug_WIN_20260527_19_21_35_Pro_jpg.rf.8prkkxuFb0hlsgpvuUWb.jpg,1920,1080,Salvietti,819,210,1040,797
WIN_20260527_19_28_55_Pro_jpg.rf.dN5OqY20F3LcXmUo5ikF.jpg,1920,1080,Salvietti,659,571,1285,846
WIN_20260527_19_24_32_Pro_jpg.rf.ltzeUmR5LlsSX4NTS5Lv.jpg,1920,1080,Salvietti,206,185,457,792
aug_WIN_20260527_19_21_15_Pro_jpg.rf.8YUY0kJDdqd1Pax4wGEx.jpg,1920,1080,Salvietti,900,210,1152,805
WIN_20260527_19_29_03_Pro_jpg.rf.edyB1VB65Zsnqe98mz9O.jpg,1920,1080,Salvietti,449,555,1006,817
aug_WIN_20260527_19_22_51_Pro_jpg.rf.3tBEXEDClOsl10w8nhxH.jpg,1920,1080,Salvietti,659,181,919,838
WIN_20260527_19_29_09_Pro_jpg.rf.iJlZPWwttp8zsk8IL42k.jpg,1920,1080,Salvietti,479,556,1033,812
aug_WIN_20260527_19_21_09_Pro_jpg.rf.9884i8rGLPJABSwc9kLw.jpg,1920,1080,Salvietti,784,202,1016,823
aug_WIN_20260527_19_20_01_Pro_jpg.rf.87TDN0Mm89ujKvdx5edu.jpg,1920,1080,Salvietti,1410,242,1877,962
WIN_20260527_19_28_04_Pro_jpg.rf.nJlL8pDwE2DU0OirN4Yp.jpg,1920,1080,Salvietti,527,564,1121,828
aug_WIN_20260527_19_19_50_Pro_jpg.rf.CeYpT6D2bASfekXQr2Xv.jpg,1920,1080,Salvietti,1419,240,1716,924
WIN_20260527_19_29_12_Pro_jpg.rf.iLBA4Ew0qhqewFSJsext.jpg,1920,1080,Salvietti,479,556,1034,815
aug_WIN_20260527_19_21_28_Pro_jpg.rf.3t0IL2eHx6qeiqrhuRal.jpg,1920,1080,Salvietti,817,209,1049,807
WIN_20260527_19_28_07_Pro_jpg.rf.P5Gk1FjPOtuQeENH3pga.jpg,1920,1080,Salvietti,657,562,1143,870
aug_WIN_20260527_19_20_40_Pro_jpg.rf.DahmsADLWVsrJk6pQsHF.jpg,1920,1080,Salvietti,698,198,934,805
WIN_20260527_19_28_37_Pro_jpg.rf.srUh3FM03a0TGoBSql98.jpg,1920,1080,Salvietti,676,566,1203,855
aug_WIN_20260527_19_23_15_Pro_jpg.rf.92IoEpPbZBOPnN9fYuOa.jpg,1920,1080,Salvietti,1225,234,1483,831
WIN_20260527_19_28_53_Pro_jpg.rf.t3OEdHBzDjslhwBGBvwh.jpg,1920,1080,Salvietti,658,572,1285,849
WIN_20260527_19_39_11_Pro_jpg.rf.SutOUGYgU94bjcYC22Ft.jpg,1920,1080,Salvietti,813,242,1075,939
WIN_20260527_19_28_30_Pro_jpg.rf.uhDjxsTdVDXeJwUhP1iZ.jpg,1920,1080,Salvietti,658,578,1226,875
aug_WIN_20260527_19_21_24_Pro_jpg.rf.BBx4OuUTTyBBbP5O8TA4.jpg,1920,1080,Salvietti,818,209,1051,804
WIN_20260527_19_29_29_Pro_jpg.rf.kxOjx7p5DQlkvZGAiX90.jpg,1920,1080,Salvietti,1111,188,1368,832
aug_WIN_20260527_19_23_06_Pro_jpg.rf.F2us875A62CAYAM71zZu.jpg,1920,1080,Salvietti,695,185,943,836
WIN_20260527_19_28_56_Pro_jpg.rf.otTz6HZSs5kTCExUR4nm.jpg,1920,1080,Salvietti,719,562,1181,883
WIN_20260527_19_28_26_Pro_jpg.rf.tcFZ4ArKucyvKsgUemsa.jpg,1920,1080,Salvietti,659,579,1226,874
aug_WIN_20260527_19_20_56_Pro_jpg.rf.FBhju3bIf7R8oXin1caV.jpg,1920,1080,Salvietti,590,192,819,807
WIN_20260527_19_31_04_Pro_jpg.rf.0jLBlCyyCXfKxnq4DvwN.jpg,1920,1080,Salvietti,488,202,713,798
aug_WIN_20260527_19_21_55_Pro_jpg.rf.HcQw7ZNjWjxDtgDkq2Bi.jpg,1920,1080,Salvietti,603,196,820,779
WIN_20260527_19_28_48_Pro_jpg.rf.vWsty36BTUjEJAvpUNDl.jpg,1920,1080,Salvietti,836,565,1090,914
aug_WIN_20260527_19_22_26_Pro_jpg.rf.HdRkFPEhp2eolfCpGhld.jpg,1920,1080,Salvietti,659,181,919,876
WIN_20260527_19_29_58_Pro_jpg.rf.1oYHdWXprgUmQf7nj20g.jpg,1920,1080,Salvietti,1015,208,1216,747
WIN_20260527_19_29_02_Pro_jpg.rf.vvPsaIG8FnE5c7Ngf8YY.jpg,1920,1080,Salvietti,535,610,1219,917
aug_WIN_20260527_19_22_20_Pro_jpg.rf.EkDvkXIJSW10EbkWGvLF.jpg,1920,1080,Salvietti,682,179,943,876
WIN_20260527_19_30_22_Pro_jpg.rf.2058d1mQLxgrysK6Guek.jpg,1920,1080,Salvietti,0,309,232,797
WIN_20260527_19_30_25_Pro_jpg.rf.82lgQ8Sw17xkW9qRrTjl.jpg,1920,1080,Salvietti,118,193,391,814
aug_WIN_20260527_19_21_59_Pro_jpg.rf.IDCVgPD8SceAOimQzmYn.jpg,1920,1080,Salvietti,721,190,961,833
WIN_20260527_19_28_54_Pro_jpg.rf.yNEa4Nop9v9dOE2ktBvU.jpg,1920,1080,Salvietti,659,571,1285,843
aug_WIN_20260527_19_23_02_Pro_jpg.rf.IRt93k7N6IB4XvVEvuzX.jpg,1920,1080,Salvietti,660,183,918,847
aug_WIN_20260527_19_20_48_Pro_jpg.rf.JQH9z0bVYpsxeeEuNsNJ.jpg,1920,1080,Salvietti,590,192,820,807
WIN_20260527_19_30_37_Pro_jpg.rf.KFKEM1UVGGOCnYqffcWX.jpg,1920,1080,Salvietti,488,202,716,799
WIN_20260527_19_29_18_Pro_jpg.rf.4Soynpnwh0UkJayOillz.jpg,1920,1080,Salvietti,480,556,1033,812
aug_WIN_20260527_19_20_44_Pro_jpg.rf.7WvVzb4B8ncsqYbungK6.jpg,1920,1080,Salvietti,567,200,781,776
WIN_20260527_19_30_35_Pro_jpg.rf.9oil1f1Y4cw1CsOIWngn.jpg,1920,1080,Salvietti,490,202,713,798
aug_WIN_20260527_19_19_57_Pro_jpg.rf.OXa7jvNETr4LBO7zZ6Uj.jpg,1920,1080,Salvietti,1387,240,1689,917
WIN_20260527_19_29_25_Pro_jpg.rf.MX7EhOHN4qHczGuqGVa3.jpg,1920,1080,Salvietti,339,578,963,849
aug_WIN_20260527_19_21_49_Pro_jpg.rf.Laj5DHQqL5p47CQLl2Bt.jpg,1920,1080,Salvietti,832,214,1056,794
WIN_20260527_19_30_01_Pro_jpg.rf.LH1NxVHTmRC4g4523vPO.jpg,1920,1080,Salvietti,1015,207,1217,747
WIN_20260527_19_28_51_Pro_jpg.rf.ua9tzxaWFThyp3ql4Ce0.jpg,1920,1080,Salvietti,661,572,1288,850
aug_WIN_20260527_19_23_09_Pro_jpg.rf.OKBQKuAMtWKMYKZCbnLK.jpg,1920,1080,Salvietti,1243,234,1488,843
WIN_20260527_19_29_45_Pro_jpg.rf.MTqwXoo9cCjKWesRi0Xe.jpg,1920,1080,Salvietti,1015,207,1216,747
aug_WIN_20260527_19_21_22_Pro_jpg.rf.O8MYlNVtyljwfHQOrgN6.jpg,1920,1080,Salvietti,818,209,1050,805
WIN_20260527_19_29_13_Pro_jpg.rf.NB6o9asrkW6nHVPRuemj.jpg,1920,1080,Salvietti,479,556,1032,813
aug_WIN_20260527_19_22_30_Pro_jpg.rf.NpadwbBjToOlid0yMbgv.jpg,1920,1080,Salvietti,660,181,920,869
WIN_20260527_19_36_06_Pro_jpg.rf.8ckyPhBYDeeaou47zQcW.jpg,1920,1080,Salvietti,603,637,1352,937
WIN_20260527_19_30_28_Pro_jpg.rf.O22An5vf5xW6SQ4sLMBV.jpg,1920,1080,Salvietti,489,202,714,798
WIN_20260527_19_29_31_Pro_jpg.rf.PoVEZ7efxkgNWbJLVcub.jpg,1920,1080,Salvietti,1110,188,1364,832
aug_WIN_20260527_19_22_18_Pro_jpg.rf.QaFy1PbxbJT2SCZ2bmac.jpg,1920,1080,Salvietti,682,180,944,877
WIN_20260527_19_37_50_Pro_jpg.rf.0wrqBqRBq0YiODUdIxEJ.jpg,1920,1080,Salvietti,775,232,1109,1046
aug_WIN_20260527_19_22_13_Pro_jpg.rf.Tb6zfDNP7YHz51zlvi8t.jpg,1920,1080,Salvietti,727,191,973,835
WIN_20260527_19_30_33_Pro_jpg.rf.WCij9nuGaWIMzvVxyxKZ.jpg,1920,1080,Salvietti,489,202,713,780
aug_WIN_20260527_19_21_25_Pro_jpg.rf.Qu9CK97yPhBtdsaPPXRS.jpg,1920,1080,Salvietti,821,209,1050,726
WIN_20260527_19_29_52_Pro_jpg.rf.RtntByiJ6dXasM4UNUHh.jpg,1920,1080,Salvietti,1015,207,1216,748
WIN_20260527_19_30_09_Pro_jpg.rf.eTyryTbNv77LB6KwJTvk.jpg,1920,1080,Salvietti,828,208,1047,740
aug_WIN_20260527_19_22_22_Pro_jpg.rf.Pq4C7YwvWHf7JJfaerB4.jpg,1920,1080,Salvietti,662,182,919,875
WIN_20260527_19_30_30_Pro_jpg.rf.Q0qXnVwt3Buh6BFd49gr.jpg,1920,1080,Salvietti,488,202,715,797
WIN_20260527_19_30_06_Pro_jpg.rf.WGVB1MyRrqxCSdA8DjFl.jpg,1920,1080,Salvietti,827,209,1045,739
WIN_20260527_19_29_06_Pro_jpg.rf.iqqjg4ji0jH36etv7cgI.jpg,1920,1080,Salvietti,449,555,1007,814
WIN_20260527_19_37_36_Pro_jpg.rf.2jRRYvUVE28lNJQOwk6p.jpg,1920,1080,Salvietti,811,220,1174,1079
WIN_20260527_19_36_21_Pro_jpg.rf.3KsobSGEXBQyQd5rHVSe.jpg,1920,1080,Salvietti,732,638,1443,947
WIN_20260527_19_36_13_Pro_jpg.rf.5Zh4kEGN7gt14O8EBbxN.jpg,1920,1080,Salvietti,737,612,1263,1047
WIN_20260527_19_35_31_Pro_jpg.rf.4ljV6WmHN3MxXqEEvA8N.jpg,1920,1080,Salvietti,937,182,1216,942
WIN_20260527_19_30_43_Pro_jpg.rf.m4cXjjU25W8oxMKHOA6A.jpg,1920,1080,Salvietti,486,203,716,801
WIN_20260527_19_29_41_Pro_jpg.rf.X55wtHuUumC8vbA9NM03.jpg,1920,1080,Salvietti,1015,208,1216,747
WIN_20260527_19_36_41_Pro_jpg.rf.8HbsxKJm9d1BX4LKiQxp.jpg,1920,1080,Salvietti,851,597,1133,1012
WIN_20260527_19_29_55_Pro_jpg.rf.ldZnob1hrAX50TjBxrCF.jpg,1920,1080,Salvietti,1015,207,1216,746
WIN_20260527_19_36_25_Pro_jpg.rf.5zzbgUTqTXd9MVQH6rYf.jpg,1920,1080,Salvietti,732,636,1443,944
WIN_20260527_19_30_53_Pro_jpg.rf.favAKtVrnoPCAQjy73Of.jpg,1920,1080,Salvietti,487,202,714,799
WIN_20260527_19_29_28_Pro_jpg.rf.CqH32O27fQbbgUzt17Gn.jpg,1920,1080,Salvietti,338,577,961,840
WIN_20260527_19_29_57_Pro_jpg.rf.YGo0Zo9q9glsemPgGO0A.jpg,1920,1080,Salvietti,1016,208,1214,746
WIN_20260527_19_37_04_Pro_jpg.rf.3cJeyACRfiaIhsYl1PZM.jpg,1920,1080,Salvietti,262,301,540,952
WIN_20260527_19_35_52_Pro_jpg.rf.9TMqHkwAHPINeO7CrCTn.jpg,1920,1080,Salvietti,936,184,1206,931
WIN_20260527_19_29_40_Pro_jpg.rf.mi9M9OWtvK1D7uT2JQqy.jpg,1920,1080,Salvietti,1111,188,1369,832
WIN_20260527_19_37_33_Pro_jpg.rf.ErVRXSnqgnoOYgxA8Wsr.jpg,1920,1080,Salvietti,760,226,1122,1079
WIN_20260527_19_30_17_Pro_jpg.rf.zsEIUcjuIuuphhc82X3H.jpg,1920,1080,Salvietti,827,208,1045,740
WIN_20260527_19_30_17_Pro_jpg.rf.zsEIUcjuIuuphhc82X3H.jpg,1920,1080,Salvietti,827,208,1047,740
WIN_20260527_19_34_05_Pro_jpg.rf.I1ocIRm8hgxAVrT7fIFW.jpg,1920,1080,Salvietti,1412,202,1696,882
aug_WIN_20260527_19_37_16_Pro_jpg.rf.19LbxWgni1rdrx4Kmr6z.jpg,1920,1080,Salvietti,565,246,908,1079
WIN_20260527_19_37_18_Pro_jpg.rf.43CU5zwX3E4jAD7xrgRZ.jpg,1920,1080,Salvietti,705,228,1067,1079
WIN_20260527_19_29_23_Pro_jpg.rf.ouNNZ1uhYtI9lTibiRso.jpg,1920,1080,Salvietti,217,545,616,842
WIN_20260527_19_37_29_Pro_jpg.rf.LWAeCJGepx2FkCKnkBjt.jpg,1920,1080,Salvietti,719,231,1073,1079
WIN_20260527_19_37_11_Pro_jpg.rf.MjvBQhwQOPhezNr7gtAh.jpg,1920,1080,Salvietti,565,245,910,1079
WIN_20260527_19_30_20_Pro_jpg.rf.qyPqSEApa2tqKpYrVngG.jpg,1920,1080,Salvietti,856,210,1075,744
aug_WIN_20260527_19_35_55_Pro_jpg.rf.2DgksFxObXY6VaWqqHwK.jpg,1920,1080,Salvietti,928,186,1202,936
WIN_20260527_19_35_44_Pro_jpg.rf.Sqi5pkqjfENmTlfku2sv.jpg,1920,1080,Salvietti,937,185,1209,920
WIN_20260527_19_35_33_Pro_jpg.rf.NqAbJSBDLbbUM8asuRRj.jpg,1920,1080,Salvietti,943,183,1221,947
aug_WIN_20260527_19_39_15_Pro_jpg.rf.1DWRe7tyr2uRNck8GiN6.jpg,1920,1080,Salvietti,794,241,1069,943
WIN_20260527_19_35_55_Pro_jpg.rf.LbeCGvGIHCJRjaTqdlej.jpg,1920,1080,Salvietti,928,185,1202,936
aug_WIN_20260527_19_37_45_Pro_jpg.rf.0r38MzSCYcXG01MkxJFm.jpg,1920,1080,Salvietti,767,227,1106,1042
WIN_20260527_19_36_29_Pro_jpg.rf.br7k9kVXjmioGIHOgo1Z.jpg,1920,1080,Salvietti,812,626,1304,1038
WIN_20260527_19_35_34_Pro_jpg.rf.uIqXTRv58tMb6uUA4wfA.jpg,1920,1080,Salvietti,967,177,1253,950
aug_WIN_20260527_19_36_31_Pro_jpg.rf.57MiloitZMBeuDv5UALW.jpg,1920,1080,Salvietti,793,632,1115,1074
WIN_20260527_19_35_45_Pro_jpg.rf.qyESOE2dD5ILCXAl70Fy.jpg,1920,1080,Salvietti,937,182,1210,923
WIN_20260527_19_37_16_Pro_jpg.rf.OJoKxe1lgR2Hx7t9UVbS.jpg,1920,1080,Salvietti,565,245,908,1079
aug_WIN_20260527_19_39_26_Pro_jpg.rf.2sLGHCMFBHBUzsjSYcZI.jpg,1920,1080,Salvietti,816,239,1084,956
aug_WIN_20260527_19_39_36_Pro_jpg.rf.1RENIqBoy2HNJxU1xkSj.jpg,1920,1080,Salvietti,818,299,1095,964
WIN_20260527_19_35_47_Pro_jpg.rf.ERdpWJFNkzzq6PnsBi2r.jpg,1920,1080,Salvietti,939,178,1210,923
WIN_20260527_19_36_17_Pro_jpg.rf.sO3Wcs3TVwmdmU8eMaXQ.jpg,1920,1080,Salvietti,550,659,1345,1040
aug_WIN_20260527_19_39_39_Pro_jpg.rf.71mnOR9DW57N7xsqrwAN.jpg,1920,1080,Salvietti,800,238,1082,971
WIN_20260527_19_35_37_Pro_jpg.rf.LwigBumH4RLPQZPlxA6F.jpg,1920,1080,Salvietti,956,184,1232,943
WIN_20260527_19_36_03_Pro_jpg.rf.xIQBq2N8hnbdVvTrYkbb.jpg,1920,1080,Salvietti,687,635,1112,1059
aug_WIN_20260527_19_36_41_Pro_jpg.rf.7NFq1pM9IvmYHoPpvZcN.jpg,1920,1080,Salvietti,850,596,1132,1017
aug_WIN_20260527_19_38_13_Pro_jpg.rf.FltMXRBYFngnaVvQSS9r.jpg,1920,1080,Salvietti,849,253,1077,853
WIN_20260527_19_36_08_Pro_jpg.rf.eCD4IRXxMG3DFT1FEdIs.jpg,1920,1080,Salvietti,708,602,1226,994
WIN_20260527_19_36_08_Pro_jpg.rf.eCD4IRXxMG3DFT1FEdIs.jpg,1920,1080,Salvietti,708,601,1225,995
WIN_20260527_19_30_57_Pro_jpg.rf.2WQ8mehSlBr3rCC51G4U.jpg,1920,1080,Salvietti,487,202,714,800
WIN_20260527_19_36_31_Pro_jpg.rf.Ux4qGN9Dh6DmTEd4wFIV.jpg,1920,1080,Salvietti,793,632,1115,1075
aug_WIN_20260527_19_36_21_Pro_jpg.rf.CG2pU41evdznHF1eejRG.jpg,1920,1080,Salvietti,731,637,1444,951
aug_WIN_20260527_19_37_21_Pro_jpg.rf.Bh1zHJRrSFfd0CFpQLJv.jpg,1920,1080,Salvietti,738,236,1077,1079
WIN_20260527_19_35_40_Pro_jpg.rf.Uk0efDvQxEOQfUZ4kK7j.jpg,1920,1080,Salvietti,932,183,1211,947
WIN_20260527_19_31_29_Pro_jpg.rf.58zxY3M8y3MfRyxwzMpw.jpg,1920,1080,Salvietti,1321,199,1597,860
WIN_20260527_19_36_00_Pro_jpg.rf.NexHOzBuTnpHy5WPslxe.jpg,1920,1080,Salvietti,925,178,1210,960
aug_WIN_20260527_19_36_45_Pro_jpg.rf.IFI5Wmnfykcbem27enJY.jpg,1920,1080,Salvietti,782,603,1389,944
aug_WIN_20260527_19_36_35_Pro_jpg.rf.Am7qwtSb1LGY5jJdKrVb.jpg,1920,1080,Salvietti,760,629,1259,1016
WIN_20260527_19_31_46_Pro_jpg.rf.7dTkL1gMVFi1CbHIYqIk.jpg,1920,1080,Salvietti,1320,196,1595,859
WIN_20260527_19_32_29_Pro_jpg.rf.DdhiXO3e3Uu4XdtNm8Gm.jpg,1920,1080,Salvietti,836,207,1051,759
WIN_20260527_19_31_56_Pro_jpg.rf.GgD5FpJ7K46DSkEpLV2W.jpg,1920,1080,Salvietti,1305,194,1591,861
WIN_20260527_19_31_19_Pro_jpg.rf.JUn9lynGtrDojPh6TR0C.jpg,1920,1080,Salvietti,1321,196,1595,860
aug_WIN_20260527_19_39_19_Pro_jpg.rf.IIN9FyqJFlhdGKYJQb67.jpg,1920,1080,Salvietti,824,241,1093,943
aug_WIN_20260527_19_36_25_Pro_jpg.rf.IwPd9dOykEhMlfYpVW82.jpg,1920,1080,Salvietti,733,637,1442,942
aug_WIN_20260527_19_39_11_Pro_jpg.rf.NiuCcldE6c29O19KoxeW.jpg,1920,1080,Salvietti,813,242,1076,939
WIN_20260527_19_31_42_Pro_jpg.rf.GbpPiB4xoUULGUeO4xvZ.jpg,1920,1080,Salvietti,1320,196,1597,860
WIN_20260527_19_32_11_Pro_jpg.rf.McZ3yoPw4HJ9hU8K5N8O.jpg,1920,1080,Salvietti,428,201,653,783
aug_WIN_20260527_19_38_25_Pro_jpg.rf.LEBbBUIVECFtkE9kSbJk.jpg,1920,1080,Salvietti,797,248,1049,903
aug_WIN_20260527_19_37_04_Pro_jpg.rf.Khrzrxu8CveZrpPa2K90.jpg,1920,1080,Salvietti,256,297,540,952
aug_WIN_20260527_19_38_21_Pro_jpg.rf.LvCAG2giHSnMfQufxvLU.jpg,1920,1080,Salvietti,778,251,1015,893
aug_WIN_20260527_19_36_03_Pro_jpg.rf.7VKLbmae9o2wQtIy8qkG.jpg,1920,1080,Salvietti,678,634,1112,1059
WIN_20260527_19_30_04_Pro_jpg.rf.veRtUnDDTf849JBZ2uM6.jpg,1920,1080,Salvietti,1010,206,1213,748
aug_WIN_20260527_19_39_22_Pro_jpg.rf.JfzVk1mOJdMNfEKCkMkX.jpg,1920,1080,Salvietti,824,241,1097,952
aug_WIN_20260527_19_37_50_Pro_jpg.rf.S0BDC3AOQqhYMRPKC12D.jpg,1920,1080,Salvietti,776,232,1109,1046
aug_WIN_20260527_19_36_38_Pro_jpg.rf.Ri0vGjau28DzyX7losWA.jpg,1920,1080,Salvietti,400,761,1327,1079
aug_WIN_20260527_19_38_05_Pro_jpg.rf.SSIjPwl70fzTG6bAb66w.jpg,1920,1080,Salvietti,877,258,1090,832
aug_WIN_20260527_19_37_39_Pro_jpg.rf.TrOuTS47I4CekOrkYjPs.jpg,1920,1080,Salvietti,920,212,1283,1079
aug_WIN_20260527_19_37_07_Pro_jpg.rf.Sv9Fr18SxkpCe6roepuz.jpg,1920,1080,Salvietti,467,262,796,1079
aug_WIN_20260527_19_39_08_Pro_jpg.rf.S4kl3lMm4A0QkvfB4buL.jpg,1920,1080,Salvietti,798,246,1056,939
